,FileName,RightElbowAngle,LeftElbowAngle,RightHandAngle,LeftHandAngle,RightKneeAngle,LeftKneeAngle,RightLegAngle,LeftLegAngle,target
0,DATASET/TRAIN/goddess/00000112.jpg,276.75980538835097,93.98123459360389,270.30060151582666,93.949137492487,107.56829533167077,251.97983740929982,102.87360981740301,257.2286642759839,goddess
1,DATASET/TRAIN/goddess/00000190.jpg,171.83805994597952,179.96031586616743,238.74737131878533,119.60897845894084,104.5396552939064,244.84654817571737,330.7774708313844,23.456256250475704,goddess
2,DATASET/TRAIN/goddess/00000348.jpg,258.6271233959195,112.90869588531376,260.6642574375072,112.61284072154453,107.13987528572393,262.578673604235,105.3727757049266,270.0176276014067,goddess
3,DATASET/TRAIN/goddess/00000115.jpg,197.1683453958562,157.85540087830546,267.9087673333642,90.5670215346065,96.93316219497306,269.9327215764047,88.20109510654157,273.8797288261222,goddess
4,DATASET/TRAIN/goddess/00000358.jpg,203.62262534587907,349.74685794072286,190.61312890847307,342.35804642304174,150.57561819068644,209.75975936548102,125.3744140038745,237.49813769353545,goddess
5,DATASET/TRAIN/goddess/00000401.jpg,12.606325075479123,319.5850003361771,297.8239374291613,49.78422585082145,63.36391515192727,295.13180112359146,105.11786109817135,262.01855026499254,goddess
6,DATASET/TRAIN/goddess/00000204.jpg,106.50337722448609,240.93551877925913,10.581607248314615,47.22198387117839,163.1351824774105,296.70459573511295,190.24872083484325,267.25368675699576,goddess
7,DATASET/TRAIN/goddess/00000198.jpg,204.82945500784217,146.6780953954931,217.68997109730103,186.1050605538636,176.74516079138522,179.93478110708446,178.8801618520578,189.9196514770967,goddess
8,DATASET/TRAIN/goddess/00000145.jpg,30.327152687339566,349.3858614089609,331.0094281928312,27.14075566636553,157.1998754989205,208.0035354095275,172.66778795768968,204.06408588972107,goddess
9,DATASET/TRAIN/goddess/00000219.jpg,33.41159413792343,325.65299984335894,342.02038208457884,14.622686823670909,39.57726649960253,320.81039447746673,111.64760420611924,250.85814305879137,goddess
10,DATASET/TRAIN/goddess/00000366.jpg,136.97277428312935,158.91405775117212,347.30887911027105,356.83357822981003,47.30501081871821,258.1516153744204,81.63246351211433,206.25091194417774,goddess
11,DATASET/TRAIN/goddess/00000385.jpg,121.96143754714782,306.0685944016744,348.4952143974381,25.169361747954394,162.0849514614474,183.66773925878599,166.205253318966,182.49378773337736,goddess
12,DATASET/TRAIN/goddess/00000379.jpg,72.33822497049673,159.24008646349702,311.9908498372273,24.645953826053873,5.20711217644026,14.857222730698965,101.78332979517705,36.0305300915715,goddess
13,DATASET/TRAIN/goddess/00000137.jpg,265.9396664209499,235.06513932949093,332.5283263616865,62.17422458781081,180.99638578377366,180.693540224623,178.48959012516093,188.96888553765942,goddess
14,DATASET/TRAIN/goddess/00000106.jpg,26.12181528434943,351.44472571082804,0.0022571032253152082,9.742378717825957,160.58968093104875,189.6687189810381,175.17331771099322,191.13253854704593,goddess
15,DATASET/TRAIN/goddess/00000392.jpg,82.68249500281475,91.89392385176393,70.05466467845734,106.11417274903607,185.79655929345518,184.34174577597088,184.26461618293902,183.42194360907416,goddess
16,DATASET/TRAIN/goddess/00000096.jpg,272.2145046574684,130.53240853359821,230.6750816813573,157.42199925653944,174.74738926434975,172.12041332575475,174.91974500266122,178.11379592466375,goddess
17,DATASET/TRAIN/goddess/00000202.jpg,272.4123435919794,86.24741104910824,271.23154638846603,82.12650181223027,112.01649762267324,239.70264348249626,105.43392940858061,245.7299966274326,goddess
18,DATASET/TRAIN/goddess/00000308.jpg,33.33899631237276,359.5076112147917,4.984180620958415,20.704396007226258,127.73964448617645,246.6336652034256,122.139662483439,248.3516338857674,goddess
19,DATASET/TRAIN/goddess/00000223.jpg,37.33084378331604,348.449887425894,345.03944992064214,14.878121062224045,143.23154030317917,214.16809427277738,145.27436526845884,195.45532830150808,goddess
20,DATASET/TRAIN/goddess/00000290.jpg,252.03281385603765,92.9529506880259,257.33165900142654,79.21325229838554,121.17961992343541,223.25941341023417,127.57152844847519,226.27164497749956,goddess
21,DATASET/TRAIN/goddess/00000231.jpg,282.6209511378008,81.4586258070533,277.15133473443484,80.11611479841861,46.932694037952956,262.5654254450211,45.850856249448434,256.67920314261437,goddess
22,DATASET/TRAIN/goddess/00000376.jpg,260.7743784554696,72.86492510284386,221.69279719036894,179.61539211734527,179.08147785301017,151.04908392055367,11.90054160585812,352.924456906635,goddess
23,DATASET/TRAIN/goddess/00000310.jpg,245.23396799459718,108.83349456014994,251.56640094701604,106.9853391853907,108.309803837884,257.3476743778996,107.7157191815416,257.3110512924495,goddess
24,DATASET/TRAIN/goddess/00000296.jpg,273.27117369195486,77.41386171431752,275.56987948773076,71.0244449408603,134.4639953078152,227.27123727083506,119.79213356233853,241.60402028384502,goddess
25,DATASET/TRAIN/goddess/00000246.jpg,194.52483743396814,259.37643751364146,304.2056196454128,2.4254122831549134,4.680405090498561,86.89008602058425,3.4240358611411,66.49064377248689,goddess
26,DATASET/TRAIN/goddess/00000173.jpg,295.93253974396964,180.92477230257495,287.62903023991004,151.13438444258503,183.42677857528602,247.41189725749075,135.14097610136722,243.90949024471794,goddess
27,DATASET/TRAIN/goddess/00000127.png,279.4149411104554,96.37084355342476,282.5417787649801,89.68513189946745,112.48972139380281,255.66410243121305,102.4495675577677,262.6007027945841,goddess
28,DATASET/TRAIN/goddess/00000125.jpg,267.35686380269635,112.99068439308844,292.61608594300145,84.80574871224924,132.5223746756925,255.500746238815,128.228270508504,256.64531661038785,goddess
29,DATASET/TRAIN/goddess/00000216.jpg,57.86003100850005,288.15456904147095,337.8938583834253,40.47450972168229,64.04709358206384,282.92632441107196,91.2045089280698,263.61554263749235,goddess
30,DATASET/TRAIN/goddess/00000134.jpg,325.7021680773778,264.122271830882,341.0554718281359,8.607614291612888,142.1553753445606,213.88125470186776,134.85818704090923,226.31814130092758,goddess
31,DATASET/TRAIN/goddess/00000280.jpg,285.04238149717173,79.53709198960732,286.2667755666751,72.80996360334333,127.6320077111333,236.65585215702873,125.1916089982407,236.89863816186138,goddess
32,DATASET/TRAIN/goddess/00000242.jpg,248.6380662477103,108.94790886998757,255.1994288124702,105.96788299056904,101.26171125203865,258.9423072345388,98.43960442889028,263.78972505517567,goddess
33,DATASET/TRAIN/goddess/00000135.jpeg,243.5731839721503,112.47641079588382,247.55736669997697,120.36465813622422,89.32504531431334,286.3686648334542,92.32506626325522,270.32443010354814,goddess
34,DATASET/TRAIN/goddess/00000228.jpg,255.43240319489098,106.28180004893485,255.5700520620001,105.5187003980844,103.24638074919979,262.5052574480949,96.79042002322109,267.86141547003,goddess
35,DATASET/TRAIN/goddess/00000339.jpg,190.19930039207478,326.78133705070564,353.1763342380428,20.027996992678027,169.77506449657412,180.27544900232596,170.8622385933114,186.88453245568527,goddess
36,DATASET/TRAIN/goddess/00000136.jpg,117.02251116617624,116.3328712378623,345.17004082217306,22.171002264833962,167.29502357341408,186.62734808797032,170.60401505189822,189.46525794833468,goddess
37,DATASET/TRAIN/goddess/00000269.jpg,62.22624016791721,341.83687891081837,340.61929906013006,33.75872852183829,174.07021215712732,178.05689482928022,174.20545522137957,184.47983371757553,goddess
38,DATASET/TRAIN/goddess/00000182.jpg,314.8382944908285,26.6913680230143,325.72735707346374,60.46077632894844,232.1372103697284,159.79874200346987,43.485504595273085,13.437152442352527,goddess
39,DATASET/TRAIN/goddess/00000369.jpg,257.8205496279735,122.64241687008303,204.9573500464702,168.22436286886202,170.18745071818057,171.7647787882356,160.42041869588337,180.0626014425971,goddess
40,DATASET/TRAIN/goddess/00000289.png,2.2160597720488777,310.2746388455469,334.809102698757,350.4912363075896,329.5570835995052,15.089381136077384,10.882977324311225,15.331086095944352,goddess
41,DATASET/TRAIN/goddess/00000266.jpg,42.68105679601044,317.8192794926274,344.39035596300516,16.617667861816795,123.24066636740537,241.0250247898676,115.77571010052264,248.38401277124552,goddess
42,DATASET/TRAIN/goddess/00000374.jpg,283.73231689518394,81.42832425895973,266.18126808500426,88.83576604165239,109.93670112851977,257.03115987291056,103.01143068537243,258.5521772362116,goddess
43,DATASET/TRAIN/goddess/00000163.jpg,274.20930510114374,91.84979429473755,273.5787945476367,85.129878587678,148.64953414461584,209.28700235963504,133.46036770111,223.5307970103508,goddess
44,DATASET/TRAIN/goddess/00000262.jpg,144.61412152602676,221.49436672461331,327.8331102088919,32.96547959593757,108.09790374565564,235.1305189970051,87.69010971726641,248.66394657638625,goddess
45,DATASET/TRAIN/goddess/00000209.jpg,243.50315161152417,130.90439321294505,287.45093429222237,80.39686278057569,104.19807153499806,249.1175917494068,84.13529991890107,269.4472373038377,goddess
46,DATASET/TRAIN/goddess/00000345.jpg,181.20537819080388,195.6025979052406,343.8913095357817,351.69741895210774,191.04374584048176,185.46305663268808,19.034550423472524,6.229336295912843,goddess
47,DATASET/TRAIN/goddess/00000165.jpg,306.8211502691136,71.90281301048411,292.2941103453718,75.18923075264283,104.7515902262665,227.12894964858768,102.19057430597059,235.80631503778795,goddess
48,DATASET/TRAIN/goddess/00000336.jpg,215.85321108086822,158.94115007302645,254.13995698166812,109.24456771964903,145.46624255608825,224.12448031192133,120.93406222583371,244.63028631096103,goddess
49,DATASET/TRAIN/goddess/00000274.jpg,211.3799349548424,121.49958331599251,177.42511164151634,191.65786431034329,74.93193515974171,242.64065453920372,77.52313849143225,250.79840397925307,goddess
50,DATASET/TRAIN/goddess/00000233.jpg,0.26782272615574415,106.17990735206612,358.72756389410347,68.69442972478993,141.647498621753,135.99470322159263,149.1341949253557,147.6061425660435,goddess
51,DATASET/TRAIN/goddess/00000357.jpg,238.90445526057073,97.60488461535834,254.39020976723378,111.91673494066471,77.38774194119829,196.41459803576024,105.0513640088902,258.11782083357843,goddess
52,DATASET/TRAIN/goddess/00000313.jpg,70.91594441125744,230.8922052746,326.9365357808364,27.460397776689533,123.65821395404495,285.3942721967131,120.01285907478828,267.32726238923993,goddess
53,DATASET/TRAIN/goddess/00000247.jpg,285.04321875704017,92.92609199776956,280.6228049558506,91.69925873747393,125.51038679825112,244.8876084070541,138.34153833182424,234.9613044241277,goddess
54,DATASET/TRAIN/goddess/00000282.png,229.83141997309207,170.4097153689308,202.1065708824689,188.5000733257667,70.3696199216634,251.103557923941,98.17965668907596,244.8901901915752,goddess
55,DATASET/TRAIN/goddess/00000160.jpg,272.3071793929705,93.99421908743419,299.84708932345586,59.2183561295626,84.6169138308609,275.48571783036596,93.21464009729709,271.123002929373,goddess
56,DATASET/TRAIN/goddess/00000207.jpg,227.73099438847282,343.2253511509678,210.38835415243406,10.844133982059596,24.392864773715797,329.0117448348609,93.13425615286894,257.9837999484636,goddess
57,DATASET/TRAIN/goddess/00000178.jpg,178.73415565522015,178.61154704120838,337.2176921983138,20.8743758639698,118.21949892869098,252.85478707717675,110.6358752972562,254.6964041180505,goddess
58,DATASET/TRAIN/goddess/00000222.jpg,251.1310118073779,109.20622273922456,258.51931446981723,105.5484799972712,123.45144653832618,239.73901377390752,117.86622678609902,251.22867398385713,goddess
59,DATASET/TRAIN/goddess/00000321.jpg,29.609386809406363,342.362356368744,320.1994515594102,51.20446274042114,103.61912554556028,259.656307822528,101.23404835060177,259.5455077153943,goddess
60,DATASET/TRAIN/goddess/00000334.jpg,118.26792496635572,243.13261994170128,330.2331741763745,47.320481686828224,359.36475345091844,329.94256814708933,357.7692145516877,247.84359183100244,goddess
61,DATASET/TRAIN/goddess/00000119.jpg,204.81426040874416,291.7567394077987,188.67582088830355,292.0297281043694,252.217779674386,283.4281107238821,288.39465406066046,270.3431136885156,goddess
62,DATASET/TRAIN/goddess/00000299.jpg,197.23594453556586,275.08830979077266,190.1622498907468,10.580542110335207,249.30364524466162,324.545959653411,121.64644913890038,217.63835626097577,goddess
63,DATASET/TRAIN/goddess/00000108.jpg,210.43585964757602,134.71913548024995,343.96374938938226,8.785255987237639,102.26675030808816,275.2360341376878,91.69319527459766,273.6545288015115,goddess
64,DATASET/TRAIN/goddess/00000124.jpg,50.277124688436075,310.23134434433564,337.3288117833514,22.412010959449244,134.41661940862582,238.6424299521313,121.41128410441306,249.4195019812685,goddess
65,DATASET/TRAIN/goddess/00000205.jpg,36.415992143970406,323.5581265048525,338.983579874025,19.023937391503836,114.8253838248409,249.69024701784096,111.21074009448824,255.4031753467135,goddess
66,DATASET/TRAIN/goddess/00000303.jpg,300.1926909239047,70.06719710471047,298.6066809452479,68.32620615854258,110.9642388315766,241.046919918271,107.01816353434077,247.6234941591327,goddess
67,DATASET/TRAIN/goddess/00000177.jpg,313.5544109447847,42.51107768545131,303.0728817288907,51.91155906624375,156.50737506563848,208.71735779699648,141.30262879302828,236.034181782617,goddess
68,DATASET/TRAIN/goddess/00000104.jpeg,158.80153131658952,164.63918203614236,0.8095206106200482,16.340750522802292,197.37403510014147,133.3768371787331,264.64870203062094,105.62042784740098,goddess
69,DATASET/TRAIN/goddess/00000383.JPG,276.64343383041864,153.13762086888192,329.6916840657011,312.86154537391485,33.87914331129648,157.3766178404359,14.967439142954316,13.416130238274416,goddess
70,DATASET/TRAIN/goddess/00000292.jpg,323.82216304206673,225.29921864862752,328.50468775160897,24.356026824741896,175.22772467993695,182.69813218747623,171.35150666334192,186.75966128161787,goddess
71,DATASET/TRAIN/goddess/00000276.jpg,189.48924763299965,154.74033921585487,3.4288849701018407,358.6303012419763,3.5663772463168426,6.925639030398619,10.90891634363234,14.054919359983602,goddess
72,DATASET/TRAIN/goddess/00000298.jpg,14.419536007893727,334.1166327649003,324.21426270217296,28.681374224897006,174.99161631331378,187.92180841067255,175.84918909131204,193.9969019090481,goddess
73,DATASET/TRAIN/goddess/00000171.jpg,3.6824334138564616,204.67517874483352,346.1182143746691,15.862541388789888,175.71057664050005,176.2362178616869,176.84546802913906,182.60853493522782,goddess
74,DATASET/TRAIN/goddess/00000245.jpg,60.24685295968769,266.46704831585464,292.167076324722,15.877299735688988,143.6225663059484,195.84850732655963,151.95080662378197,192.5864661914508,goddess
75,DATASET/TRAIN/goddess/00000157.png,161.94323658300772,198.88280311349462,340.0137313653995,8.166322243400113,325.9814010422944,5.105902992186925,354.1578653099837,335.4393088606672,goddess
76,DATASET/TRAIN/goddess/00000301.JPG,84.24637554351379,269.24783225145825,89.88421253759799,268.0221472844075,229.68430100669482,128.66022072213093,256.7458924931218,107.57836903054653,goddess
77,DATASET/TRAIN/goddess/00000188.jpg,262.6329208006676,123.315269188021,267.1461103878697,116.21104213356497,139.1897343093506,219.92725822929484,133.782406871996,224.17762793737145,goddess
78,DATASET/TRAIN/goddess/00000211.jpg,28.446865523367748,12.3197670813547,338.5511542166628,36.017037015780524,164.66168075783332,236.67372120654727,168.38321507382906,235.48676632077627,goddess
79,DATASET/TRAIN/goddess/00000291.jpg,335.3320460936588,189.9770813409194,332.9315730461178,192.00618786827715,84.81832109422692,184.01195327222246,351.88859692473835,1.8875808201806994,goddess
80,DATASET/TRAIN/goddess/00000107.jpg,267.8557933439929,110.81397961037305,294.3082802712322,83.68574495918917,126.54002617682235,255.33103014095306,123.52242924913347,257.2568989257354,goddess
81,DATASET/TRAIN/goddess/00000143.jpg,143.77231660769164,49.978530753125014,346.40561674386464,35.56253762539918,27.121104807803217,334.6481328630978,99.25847921277318,255.09936410471337,goddess
82,DATASET/TRAIN/goddess/00000270.jpg,105.72580014500916,248.75947731176004,323.3479634688649,32.83650811449519,98.85075807965686,249.87539855765448,91.56554345213874,261.6015304055694,goddess
83,DATASET/TRAIN/goddess/00000251.jpg,56.6333323995367,297.68888945541363,335.0787692465399,24.970308716432978,109.8074074440953,254.68949234892028,110.43560184272982,253.343182103534,goddess
84,DATASET/TRAIN/goddess/00000114.jpg,203.95871801294112,152.75757835512823,277.5127273135321,84.92533057711462,116.50748597060633,248.05925264602635,112.53947839415912,251.5638397977652,goddess
85,DATASET/TRAIN/goddess/00000363.jpg,213.87687644625603,179.00826396202046,322.80299747052834,19.12605633504605,133.3180724008408,220.1775109717418,112.36114301937752,214.2533001913445,goddess
86,DATASET/TRAIN/goddess/00000155.jpg,268.74722088528114,96.96226113700274,276.6523255585264,83.83024547749903,123.80691881011367,228.80174858711246,120.39249221210645,228.0482489760399,goddess
87,DATASET/TRAIN/goddess/00000337.jpg,267.8265459295568,97.59644175889808,268.36277323475906,97.4292686213905,118.33467484230556,230.5707981348008,119.68903604909167,242.1954986931034,goddess
88,DATASET/TRAIN/goddess/00000346.jpg,29.633286830813418,332.3937124134046,328.55463843637324,35.386929016553076,71.76470681395632,278.4784189529448,79.70367635115032,282.88012804660667,goddess
89,DATASET/TRAIN/goddess/00000130.jpg,280.7763240986085,168.44398924965404,304.39956136912116,13.854953770852422,116.6927236448871,263.3877587432926,103.8741322403863,280.38254236342664,goddess
90,DATASET/TRAIN/goddess/00000235.jpg,157.16170001627623,200.09548228510087,147.86982050127412,211.84377772840125,114.3729732521612,251.4619877750641,108.43439715499522,255.39912520089257,goddess
91,DATASET/TRAIN/goddess/00000224.jpg,153.7860760795328,158.504187881189,338.40442870450005,202.1597744031756,131.26471693145385,248.14975525530298,113.77272219688587,232.26300881430075,goddess
92,DATASET/TRAIN/goddess/00000113.jpg,156.54787814632292,180.74380567465172,1.347797213350574,359.2713567542255,353.62304529470924,342.628201040383,2.3609515856745147,277.9540830629371,goddess
93,DATASET/TRAIN/goddess/00000370.jpg,274.38627721858626,96.46634555982037,297.70567071090466,76.11459856148649,140.96343080486764,226.2621484225928,131.15221263141413,233.2182821684787,goddess
94,DATASET/TRAIN/goddess/00000105.jpg,56.423589573201404,304.5852409212166,332.5789160629019,22.604262899052113,130.44692696598838,232.66145357434752,116.67014317422789,242.02880808043605,goddess
95,DATASET/TRAIN/goddess/00000278.png,44.07499573039616,323.104751155445,337.6009842732474,22.51463389122465,139.00968982056625,230.63187637181437,125.34019333660626,239.25580125834853,goddess
96,DATASET/TRAIN/goddess/00000237.jpg,56.28112340390677,304.84105896055934,333.30482141701657,25.65229991719845,111.65128462226735,252.28449559084638,110.70658842558615,251.10133335169365,goddess
97,DATASET/TRAIN/goddess/00000229.jpg,278.54097594017753,78.2385581116855,275.94467706121634,77.38604493855351,104.77044466729016,246.85088555164577,97.89119489680616,254.48969233293946,goddess
98,DATASET/TRAIN/goddess/00000212.jpg,107.80442157310874,304.47098612130833,73.65507922429452,283.56301596352716,205.5276944967354,121.16277024113353,207.8438060499284,141.96717005202785,goddess
99,DATASET/TRAIN/goddess/00000398.jpg,173.9482287257724,181.5824833929605,353.60779929991025,4.02123165174242,38.54431090092136,324.13325562295853,88.62338050898677,279.50453925291987,goddess
100,DATASET/TRAIN/goddess/00000286.jpg,103.22986798107111,251.3343721995157,325.7869504486928,32.04594712592898,101.29368731117314,253.26023269665214,98.44691672778919,265.3158261208582,goddess
101,DATASET/TRAIN/goddess/00000230.jpg,303.8632269012083,203.14706386734682,276.64215785366025,235.86491614467502,46.80647176352687,36.88867059082078,17.547464649208003,329.3625254266519,goddess
102,DATASET/TRAIN/goddess/00000343.jpg,138.84060160979334,230.37082709862815,340.2616952237957,25.098387441633403,179.72832463801666,180.40098671423314,178.77082246983085,187.1742494556045,goddess
103,DATASET/TRAIN/goddess/00000103.png,350.31448678114754,6.7904761154075555,319.73731599655525,51.222016991483756,275.7072037968692,61.166138960183815,2.4073156413700056,349.8268158840455,goddess
104,DATASET/TRAIN/goddess/00000192.jpg,10.616083063757936,342.32991990434476,329.4102594572478,38.19830266961044,176.71885145565233,179.51803118944383,177.1260278937674,183.93822268560007,goddess
105,DATASET/TRAIN/goddess/00000141.jpg,137.10958713032122,51.10985658468188,137.53900422611073,56.76932755721134,275.7746640469851,36.14579537118499,5.275767301685136,350.98050558348154,goddess
106,DATASET/TRAIN/goddess/00000226.jpg,349.72998851961466,277.92050931252527,314.62237329422265,325.18642933750704,93.84392696474735,138.3205990830098,115.54472876814813,160.03665627111008,goddess
107,DATASET/TRAIN/goddess/00000307.jpg,164.93586919058322,179.82622935308015,353.43804653433045,354.22603357821276,93.40722963256354,272.4841161179267,58.296666295999465,296.6564033246757,goddess
108,DATASET/TRAIN/goddess/00000154.jpg,284.72974066069503,79.41921004152144,288.3655894890487,74.60442785611501,104.15253368644434,261.40099345152504,92.04522515795941,270.6923693047405,goddess
109,DATASET/TRAIN/goddess/00000281.jpg,225.702202578106,139.7035649609745,187.18590652644122,179.33395459736388,96.90446947400292,262.8286323824665,93.36684335371399,267.686021087423,goddess
110,DATASET/TRAIN/goddess/00000132.jpg,324.7332160044087,171.67035447904684,347.7625520641296,349.578744754488,292.0291550458925,29.987249738372206,347.22724494160786,39.666644411389086,goddess
111,DATASET/TRAIN/goddess/00000183.jpg,299.28429454324237,69.94798018748742,322.96209240163256,42.75033395696084,111.14592979994796,286.80273175438884,143.68584382865234,280.22656652601245,goddess
112,DATASET/TRAIN/goddess/00000250.jpg,161.95821031475833,186.70275041004822,154.5772871649253,196.3486474888412,111.42044598297032,255.3905854748843,100.45976491870096,262.1938624341763,goddess
113,DATASET/TRAIN/goddess/00000097.jpg,0.5138738643398333,319.1055056467896,331.2439989460995,354.87738671204073,84.31018757402562,252.1421924669979,83.90609038324618,253.83543806271354,goddess
114,DATASET/TRAIN/goddess/00000243.jpg,276.49754025007564,265.9013777889073,337.4979915587237,346.24900752976856,94.79746388787211,141.87397531723113,124.55082502527591,159.0853793451691,goddess
115,DATASET/TRAIN/goddess/00000318.jpg,181.87820938347238,196.7372930033216,356.79547226586055,10.675040865998875,247.38061690027797,320.68191919439414,260.6877260483424,262.03626161864844,goddess
116,DATASET/TRAIN/goddess/00000150.jpg,101.68258041973925,260.4192446075768,92.52726115413103,264.26886876658506,96.53751199262852,108.74341253110315,109.51375134152335,72.31136835015987,goddess
117,DATASET/TRAIN/goddess/00000210.jpg,194.9954496046016,200.0071716449855,339.87353897707254,8.994563563643883,167.9023894521818,184.27810691568482,162.69553614465286,180.55412795876143,goddess
118,DATASET/TRAIN/goddess/00000265.jpg,158.01175307609716,195.13839587092636,328.53428849275645,24.01071025255976,175.431326370494,176.79930751743663,173.2604364383392,181.0238391724891,goddess
119,DATASET/TRAIN/goddess/00000277.jpg,16.922746908037098,327.47500145739485,359.1117073794552,3.2296968235517194,314.32801320652584,228.460714147618,13.245774350017813,18.313052340696743,goddess
120,DATASET/TRAIN/goddess/00000110.jpg,111.47015301620246,46.60105770045384,60.129835347497945,52.268483426589654,214.3519652540738,337.26003281978024,296.96241947901046,299.0596018788638,goddess
121,DATASET/TRAIN/goddess/00000389.jpg,167.88697682998423,245.19507469093702,321.14170635075436,2.7297547167457985,322.6211431552426,82.15413230957978,81.21189146861299,41.03357190930976,goddess
122,DATASET/TRAIN/goddess/00000397.jpg,216.09891855639157,215.46999959964754,199.1084112607301,242.1212460614242,163.1741684880384,98.4760904661211,354.93636284502446,1.6054091250120615,goddess
123,DATASET/TRAIN/goddess/00000271.jpg,172.9267312132138,215.6069976613896,338.10749649091827,9.126645499655938,179.02858359696557,175.86394299176933,162.859646305241,172.03431034706057,goddess
124,DATASET/TRAIN/goddess/00000197.jpg,216.53875786508968,230.36013165926883,271.30925347425443,286.39301602115165,164.3545196591214,139.73901009846253,12.961104621031796,12.261755572669436,goddess
125,DATASET/TRAIN/goddess/00000172.jpg,26.250984878051966,335.5434313951118,350.2907589483996,11.52950637791436,116.98439901435508,247.89264866399975,115.13900184856539,250.60789272224076,goddess
126,DATASET/TRAIN/goddess/00000111.jpg,175.22809037796122,199.23810685198507,348.401232326611,349.10254329856537,137.0178349760085,242.97640928729282,129.57874441959186,236.9335979999242,goddess
127,DATASET/TRAIN/goddess/00000126.JPG,270.05260746074407,112.4720660451587,271.59324523894213,108.32701486230796,123.8943770912057,242.13196093312249,116.81588956694324,257.2302549078847,goddess
128,DATASET/TRAIN/goddess/00000101.jpg,321.75144548750006,24.003282660675897,321.01563545489466,32.293282624996934,83.54418758931672,277.6148514756536,95.6429040893907,274.5233709282953,goddess
129,DATASET/TRAIN/goddess/00000384.jpg,272.21993042189365,89.68503667261564,266.8857346525018,86.6984219337965,98.47879544948366,253.99305465641402,94.99618572468529,261.3391371644091,goddess
130,DATASET/TRAIN/goddess/00000244.jpg,288.89356413051496,78.84049040715823,286.4297799944004,74.71297037967005,100.72645567588297,249.27211361979306,99.76767974822297,257.4347988013551,goddess
131,DATASET/TRAIN/goddess/00000304.jpg,33.54516389430157,340.2907873260605,321.9707601861383,47.56581268149698,98.82471122311792,259.3557445538391,97.97306692790602,256.43492794992846,goddess
132,DATASET/TRAIN/goddess/00000395.jpg,243.3093462448984,105.93243068431599,251.81920800167347,101.48845868630305,115.70966997375574,236.44959192689936,105.87111435195689,260.79444710025075,goddess
133,DATASET/TRAIN/goddess/00000258.jpg,234.09264043013263,241.93160994764185,220.45131957175604,254.6816084555671,173.92167514475798,205.67032816602992,143.71093413521007,219.37671783897147,goddess
134,DATASET/TRAIN/goddess/00000317.jpg,293.2486859665637,24.380073650428297,286.1111874036047,41.0547659097367,104.68129090810581,328.5009552816058,132.55706997217314,313.7922585367999,goddess
135,DATASET/TRAIN/goddess/00000327.jpg,30.017344442988136,355.76330363901184,10.56180003478122,11.314626414156862,124.7763988597027,242.88418629418499,116.75802382572718,245.97496046041056,goddess
136,DATASET/TRAIN/goddess/00000128.jpg,297.1958263925697,64.21786518744136,295.7434432141171,70.74334553425784,132.71902288925986,228.95461763701317,130.90444118633255,228.0343675897593,goddess
137,DATASET/TRAIN/goddess/00000263.jpg,190.92859120549844,172.87431401474092,177.0553315264038,188.59557858835163,184.4882631065586,182.37297860305145,177.11870263988126,186.0143177621884,goddess
138,DATASET/TRAIN/goddess/00000325.jpg,12.288340309680647,302.9819148768548,341.64612843764087,8.88017568089994,181.04822855421745,176.07781981735263,171.0455462710196,177.5766274296927,goddess
139,DATASET/TRAIN/goddess/00000102.jpg,17.74200019283124,6.210607580336314,0.7438136668911924,8.930156889472634,168.41976507111363,174.57674160424446,174.13421281023574,176.80630545811675,goddess
140,DATASET/TRAIN/goddess/00000121.jpg,144.49112021082541,215.95883949853337,17.096285520779443,32.90023510478054,251.8696998883678,4.442046180147256,335.309402843048,342.36210269056585,goddess
141,DATASET/TRAIN/goddess/00000181.jpg,118.68482677255828,76.83872975658026,69.37461823919851,84.9520703409842,218.76281065822653,51.566301165493094,340.4644555204133,343.26406421564315,goddess
142,DATASET/TRAIN/goddess/00000217.jpg,321.646821302681,20.668871643440855,26.12230074743574,47.532795458963314,306.7781074151318,24.611190979540062,357.5397211961644,357.17119539001334,goddess
143,DATASET/TRAIN/goddess/00000285.jpg,116.74371787708881,252.127996060862,120.55155760430753,244.96428384725232,233.6568213984213,109.41664636205564,255.97579438843286,101.27406656416036,goddess
144,DATASET/TRAIN/goddess/00000123.png,149.41599698040062,142.10511751387673,295.17202853166856,294.1636063427414,190.61629820922093,195.12782700108016,14.328585755710774,11.496641208636396,goddess
145,DATASET/TRAIN/goddess/00000149.jpg,33.32008815899625,354.7998725022042,276.54409136451886,13.302270190436952,64.25912193736598,70.44606780695268,66.13937100973448,73.1502722911915,goddess
146,DATASET/TRAIN/goddess/00000129.jpg,23.48180494047078,329.6252105903105,347.1603549424102,0.6969844832577176,104.28523146338598,241.98469242063882,98.09697778107108,252.32369818797025,goddess
147,DATASET/TRAIN/goddess/00000206.jpg,157.39606580163186,188.68467569534096,336.4302357659943,31.707419014019973,89.50543629515306,114.22635768427487,31.316553424021876,85.6828491989883,goddess
148,DATASET/TRAIN/goddess/00000100.jpg,10.827791527423361,48.041143686417065,236.17777577516537,35.25411117458953,36.28855531791115,119.70536251849796,31.55753747834348,318.8777971342681,goddess
149,DATASET/TRAIN/goddess/00000117.jpg,241.29720929132236,143.90533316629197,352.3883015053673,28.775159554528994,44.649929235210585,319.133877438455,93.28875737647138,259.7852738542834,goddess
150,DATASET/TRAIN/goddess/00000324.jpg,245.23396799459718,108.83349456014994,251.56640094701604,106.9853391853907,108.309803837884,257.3476743778996,107.7157191815416,257.3110512924495,goddess
151,DATASET/TRAIN/goddess/00000320.jpg,264.4769601013215,96.01083426755316,281.26784181370874,77.29385680377655,131.36973336414806,205.41784338102642,122.57501752670132,219.07134665415776,goddess
152,DATASET/TRAIN/goddess/00000360.jpg,186.8042581712017,174.89588818006916,191.32629929487422,168.59001426497116,99.61052915510811,271.4098197480713,97.5402192743976,267.23323842349026,goddess
153,DATASET/TRAIN/goddess/00000142.jpg,145.8227769289702,183.6069385490624,323.6284207247853,14.681237765784068,268.7357962389523,36.20218156990429,354.21577709708214,327.49712271705573,goddess
154,DATASET/TRAIN/goddess/00000302.jpg,45.54565950106782,323.2410435919985,323.435322913637,33.19724423264746,94.18528231792813,239.00263646964166,92.15605319206128,251.4743719409384,goddess
155,DATASET/TRAIN/goddess/00000120.jpg,175.8919758022052,260.98951482516156,350.2631889203174,19.75176763914668,165.61222255349924,190.77496702605526,172.4433503804141,186.31022781767865,goddess
156,DATASET/TRAIN/goddess/00000239.jpg,30.589399347010637,323.33071518735625,334.3401989662199,21.438922407821842,90.21830859373641,273.83363398436586,85.11982423134125,275.02521528168256,goddess
157,DATASET/TRAIN/goddess/00000375.jpg,214.55486446437303,223.40939415959008,355.8100596593078,351.30085451069294,13.358332193993776,11.688600485239231,114.41985577437674,110.05533755750304,goddess
158,DATASET/TRAIN/goddess/00000355.jpg,84.08149331285169,215.3656242869307,347.2744564324913,12.36315865429698,88.28103070953257,292.0349591921918,125.88691476713404,227.0211304626672,goddess
159,DATASET/TRAIN/goddess/00000378.jpg,131.5194900521653,87.97805759376342,74.00428127484078,54.41464389778187,126.69246970781143,324.45416109792177,116.99034306934342,330.76508411811864,goddess
160,DATASET/TRAIN/goddess/00000255.jpg,116.35716588950739,21.257005271149033,344.4567761147006,359.0776483370612,158.1677099217706,197.40700989288757,172.86921957111528,197.50044535678182,goddess
161,DATASET/TRAIN/goddess/00000184.jpg,273.5093734161134,354.6798775459319,269.27841103966387,0.17986462542544113,334.9791288672407,293.0476966927888,349.04239945693314,309.233350928228,goddess
162,DATASET/TRAIN/goddess/00000315.jpg,70.46068349013478,222.50627300774784,229.7853133577405,65.08397425229636,346.593324897541,80.72885713934456,41.51431555182527,137.41590253372107,goddess
163,DATASET/TRAIN/goddess/00000349.jpg,18.337208509044846,309.7733961620986,354.84699900127794,2.5267817654405484,162.12869428076246,162.5965673159451,158.93003975242033,161.86748797956537,goddess
164,DATASET/TRAIN/goddess/00000164.jpg,181.56250741267536,163.28692475045344,168.3988395320447,195.78617299517543,192.66036181371655,171.98609501669173,0.06995489267283965,10.103571541163141,goddess
165,DATASET/TRAIN/goddess/00000361.jpg,6.552401222505323,232.78394765449886,332.78402393619047,336.911771533231,106.52109787110811,125.11286981208531,115.14207699815563,124.87049741039081,goddess
166,DATASET/TRAIN/downdog/00000174.jpg,160.11871236673827,158.67473503650746,198.00969700078323,204.72432686144978,271.2180254824181,275.98398952160215,309.23161743737336,311.0424307855056,downdog
167,DATASET/TRAIN/downdog/00000348.jpg,185.89242162462102,174.01817744915994,155.0906042643263,141.1785649736035,176.17109838196785,183.25040775862436,327.39001013445375,314.34246989206827,downdog
168,DATASET/TRAIN/downdog/00000409.jpg,173.41819411233288,164.25066488775113,180.78784071566776,173.88489177098535,181.1501315121986,194.65559436752258,307.5258451515243,313.1425034747443,downdog
169,DATASET/TRAIN/downdog/00000385.png,165.17011223451166,173.6202298731903,178.14570829867625,181.81917224704407,192.15562636765785,202.22735314661153,319.25637181339704,318.1744947250125,downdog
170,DATASET/TRAIN/downdog/00000358.jpg,153.74008479822515,149.57262626640363,158.23814697343224,154.0969000956435,183.60159038612994,178.0135702169887,311.35605283296724,322.22869829661136,downdog
171,DATASET/TRAIN/downdog/00000158.jpg,56.1204384291263,176.23127627447155,9.31506042764096,68.1089879355909,218.30972368625677,259.20784763238356,329.4769907731977,326.8526839794167,downdog
172,DATASET/TRAIN/downdog/00000423.jpg,182.4553371357522,177.71228722403453,177.73727912309886,134.15939116481727,160.44566840537175,147.95686378960687,327.8339788383417,335.56497800882465,downdog
173,DATASET/TRAIN/downdog/00000204.jpg,225.7827993490569,184.78626872786108,195.90333057580307,121.13873358403336,185.71476403812284,262.5119936965686,330.46331162008636,56.72996865493251,downdog
174,DATASET/TRAIN/downdog/00000145.jpg,195.27986716510216,202.09496629607736,1.0863407601692752,61.432533956975355,219.62172000781004,282.7620803242726,332.8134276187397,329.90931668523643,downdog
175,DATASET/TRAIN/downdog/00000219.jpg,170.89733287710433,68.20581618129431,161.58229831412294,56.68901766415519,203.9351822206498,168.68993671903564,281.07698384150444,270.9907867702949,downdog
176,DATASET/TRAIN/downdog/00000287.png,155.06607109072817,158.7972623498766,162.84449094302374,160.79723801743376,225.501298879412,210.90264256813253,327.8575148581651,320.0293169666553,downdog
177,DATASET/TRAIN/downdog/00000137.jpg,170.70258941484775,171.5327388914965,112.96905053150925,118.209279484451,232.8681208311873,187.45851183277043,353.8390978473783,333.06960277448513,downdog
178,DATASET/TRAIN/downdog/00000152.jpg,185.30589196342635,188.08394353995124,161.0837741859529,159.90514368940347,168.34824191359044,172.42258322787876,272.28336365890283,273.2123788817705,downdog
179,DATASET/TRAIN/downdog/00000392.jpg,273.98149058501656,123.90678038488757,278.8433252165483,116.45169564203644,200.13164824527453,210.62588812932503,324.98041512164895,324.3501293863414,downdog
180,DATASET/TRAIN/downdog/00000208.jpg,131.34101418428315,123.18955706403568,59.71911456821787,87.45593616282582,122.31541666968673,214.03780739447078,109.25121627019368,252.37955055539908,downdog
181,DATASET/TRAIN/downdog/00000381.jpg,69.47531470261713,201.86752500470368,297.6065363310878,336.06040599484044,116.39488091096695,178.8874291474959,106.94565515281306,144.38459998472635,downdog
182,DATASET/TRAIN/downdog/00000308.jpg,307.8903468398819,284.74749184196884,315.263512487267,259.2121639679719,105.2985419553871,225.44057331115368,74.37625819566449,173.2565654564653,downdog
183,DATASET/TRAIN/downdog/00000223.jpg,146.1879945198686,179.6256851641448,57.75201630311682,68.2054562918342,334.47952163179264,231.59364873930443,61.154873447677694,319.1934797232317,downdog
184,DATASET/TRAIN/downdog/00000394.jpg,160.4302510880188,169.13612657740248,187.5762649457116,183.07523286713518,171.7524153609478,181.38022931306242,277.175833130482,276.72548035593496,downdog
185,DATASET/TRAIN/downdog/00000245.png,172.9568683532957,180.43390672897166,162.47840601773692,160.69731780754339,218.98866484821747,236.8991386316015,289.99838795174094,292.87907177746916,downdog
186,DATASET/TRAIN/downdog/00000279.jpg,358.6809925985238,181.2324866278594,348.80347101946427,37.09643997126524,50.89886292196489,206.46419058891644,154.05250169592216,268.431393659891,downdog
187,DATASET/TRAIN/downdog/00000376.jpg,330.19541278619164,332.0603643855792,303.19693884472474,290.01037426383414,279.7359524485956,207.28311232797765,57.333057894376665,52.19003383206222,downdog
188,DATASET/TRAIN/downdog/00000264.jpg,143.95778665696156,134.9680526561699,23.95939533763317,28.90145900542592,337.6217049487985,270.7305261121961,58.683393185006665,48.19876155588145,downdog
189,DATASET/TRAIN/downdog/00000426.jpg,191.3221341626044,198.4905248502994,165.6717518136274,159.87700239550352,355.48366318357984,324.1452528576386,90.08760818139488,41.42700515350873,downdog
190,DATASET/TRAIN/downdog/00000139.jpg,185.4663224458015,214.92667643823256,23.04934282280749,128.28302233509882,5.0272904528050955,224.38147890372855,162.03774622600758,10.989084232090589,downdog
191,DATASET/TRAIN/downdog/00000240.jpg,60.39096015157342,128.08213788645114,349.61428392904605,54.12679416196494,266.7253933860057,185.26645708662915,43.02837901374499,345.0339416756822,downdog
192,DATASET/TRAIN/downdog/00000246.jpg,160.34779074625524,171.38143336682745,40.599961672518816,73.66193467356328,301.3727454727106,266.8656819379285,48.29274950077596,47.23810371662318,downdog
193,DATASET/TRAIN/downdog/00000173.jpg,269.3041385164158,219.7597504862573,218.94095709325987,187.06707952244153,213.08812083983867,181.17057225149506,5.94031628540263,4.866837951704431,downdog
194,DATASET/TRAIN/downdog/00000335.jpg,281.5126374935916,341.2368422069239,294.2781196176047,316.93356102224845,14.953746355056008,112.23675268151976,93.82264017101942,117.56251752033006,downdog
195,DATASET/TRAIN/downdog/00000305.png,206.10905105771175,199.1201443385565,207.0036729221064,253.01838709268375,154.6847986598458,171.67967897056027,355.06138032156286,21.98901152083467,downdog
196,DATASET/TRAIN/downdog/00000216.jpg,13.202768716336958,40.78422761894297,348.91854086397376,111.09165192158969,211.20687273163728,307.66185052833816,307.96783453236634,310.3206880576842,downdog
197,DATASET/TRAIN/downdog/00000187.jpg,234.84418984942556,165.5376806697152,8.521664647978088,67.68492375334193,171.42324774003032,203.04913475415316,167.7673722817022,217.3338593765919,downdog
198,DATASET/TRAIN/downdog/00000134.jpg,196.58379173738595,196.27174513770615,181.32312558060428,183.0039136993782,175.45334378044154,175.68569149050143,66.37518226202906,65.94985306751701,downdog
199,DATASET/TRAIN/downdog/00000290.png,196.75582362019162,198.38395676077408,187.87261696345402,186.57056401393663,173.34246010616434,189.17625159801975,47.5174362904212,55.938018409249054,downdog
200,DATASET/TRAIN/downdog/00000176.jpg,228.27363524162928,205.2344222811225,185.98282146882664,186.3202332244841,181.18501533883173,178.51214913502687,49.009909060159366,47.78153791249817,downdog
201,DATASET/TRAIN/downdog/00000414.jpg,227.76966147511772,224.5456817881664,230.08361703549443,194.32424463275314,195.4680056278114,201.8757309679593,50.60025531038196,15.529714817678348,downdog
202,DATASET/TRAIN/downdog/00000144.jpg,179.3893615945526,178.63506627654925,179.62190338445637,181.27435376198815,155.33638328815178,175.0839163288643,35.85790005501731,43.44160096480279,downdog
203,DATASET/TRAIN/downdog/00000200.jpg,187.52908245958878,188.69072366607355,174.99627818850536,171.6206106024566,180.0909453542174,178.2782309008579,48.97159273634503,46.523030722124616,downdog
204,DATASET/TRAIN/downdog/00000347.jpg,195.93018780730057,193.24773159325088,179.58648822540255,179.7043837160453,180.72178842948597,179.34825584042252,62.027889166794495,62.336271116232524,downdog
205,DATASET/TRAIN/downdog/00000377.jpg,199.95001268618287,198.91289842485457,183.3464696097312,184.255388330707,180.6720342128237,181.3156554049941,50.08766667910085,50.55357089503296,downdog
206,DATASET/TRAIN/downdog/00000330.jpg,191.5666602179378,194.71035661797495,170.08699763695893,163.83145370075152,168.08398246827866,168.53347147776057,53.936921041357415,47.69153293243464,downdog
207,DATASET/TRAIN/downdog/00000352.png,228.33718010054466,164.19506825598316,30.100665589436314,177.98700596135023,174.94195490456238,180.44826057385967,6.934538213150324,51.550530423622945,downdog
208,DATASET/TRAIN/downdog/00000332.jpg,266.5607051819791,193.2476617964024,199.7922293404941,196.95287556340142,182.40220510959549,169.5268976844492,46.107461057896735,45.63882957579721,downdog
209,DATASET/TRAIN/downdog/00000179.jpg,199.85419431095676,192.41370297774446,190.49338379186506,181.13359617912812,194.00692505731124,175.03365553764496,51.84079802114265,53.08396900198271,downdog
210,DATASET/TRAIN/downdog/00000182.jpg,217.73881413315777,182.0429644095533,243.37647838584002,224.79253199230627,116.49404625911409,145.80694419341228,63.29980487767339,60.741442943323236,downdog
211,DATASET/TRAIN/downdog/00000161.jpg,192.32932435778267,198.7145932254981,187.703238755329,186.21568032602988,160.14967543802462,176.08577174287512,70.77734269902685,72.38855681650472,downdog
212,DATASET/TRAIN/downdog/00000379.png,197.07233700156,195.23953046889633,195.36589016590295,196.5626775998998,181.2282705117248,178.6545442630315,67.4854063245471,65.28135430541452,downdog
213,DATASET/TRAIN/downdog/00000163.jpg,177.61624441040215,189.38764441614802,189.5700426747008,212.69082346243934,165.82553183509037,183.6820607479473,23.648571018910232,67.66632218677388,downdog
214,DATASET/TRAIN/downdog/00000175.jpg,187.92552258842582,186.61643520504396,181.0371428051091,185.7331604728809,170.08479108784806,172.13793540373754,48.384801717009424,46.32141065242754,downdog
215,DATASET/TRAIN/downdog/00000419.jpg,242.23260686820035,200.65034067415257,278.68752472638164,230.76804106846615,128.6569018440159,134.84546992080473,359.41736951544345,359.45968618112676,downdog
216,DATASET/TRAIN/downdog/00000209.jpg,209.15285262501578,195.99112376003154,201.91167849927876,171.18088766164664,140.75430639031606,199.81437607334632,19.468264996599384,72.4059425941119,downdog
217,DATASET/TRAIN/downdog/00000198.png,200.14442872846942,155.07239490545075,260.35217911522113,278.84537253618214,186.9700606906409,204.21956899517775,4.34535304917198,13.729656122320277,downdog
218,DATASET/TRAIN/downdog/00000312.jpg,191.33740722019903,178.4909266187711,187.63440451092058,180.1252854103699,151.52447965990356,183.13818781812006,20.780242163466703,44.449945602945405,downdog
219,DATASET/TRAIN/downdog/00000294.jpg,165.3183249266123,157.23852652723272,179.83327275230647,171.57201209938603,204.1045177998696,207.98065794654795,328.2602936729974,323.8311386941367,downdog
220,DATASET/TRAIN/downdog/00000189.jpg,171.9845884406888,193.72259159224657,170.3559327759074,177.94160901240082,179.3483314880781,193.15117191838328,316.35133582155584,317.85240366600925,downdog
221,DATASET/TRAIN/downdog/00000218.jpg,170.28387045730184,174.37329381417382,134.428787965333,144.83787924277524,135.31730030339304,179.85855352309756,340.98692961624954,353.19695071117224,downdog
222,DATASET/TRAIN/downdog/00000365.jpg,131.32068836575883,16.931073656826356,136.16954778686633,38.75690553325829,351.71375758384056,44.53693856481624,47.35184255027811,18.187839102525842,downdog
223,DATASET/TRAIN/downdog/00000310.png,218.5375813301124,163.28578597099084,2.8599665164233232,11.196705802670365,335.65513030079904,342.33263522368287,0.6342432742128148,185.5368337747036,downdog
224,DATASET/TRAIN/downdog/00000225.jpg,111.57596180658047,139.0986430137345,63.031332997340776,63.698218049283724,144.59064571769053,122.49744596422504,332.8628552144886,319.0616566699626,downdog
225,DATASET/TRAIN/downdog/00000165.jpg,191.86997508479163,199.59520192979193,175.60147829656023,179.6919022775879,149.69985611083206,143.390754194282,61.666400878532706,57.47544109783559,downdog
226,DATASET/TRAIN/downdog/00000388.png,108.76718615359087,191.15530686961736,163.95212814522094,235.4535404881294,146.54964078158196,258.2026694115387,307.71199442511767,351.2791633810268,downdog
227,DATASET/TRAIN/downdog/00000186.png,176.38810616997725,176.29858027420508,175.72332823528342,174.6927732109272,183.79577617742933,184.73570054385186,330.86876945760315,331.04618528423924,downdog
228,DATASET/TRAIN/downdog/00000301.jpg,173.00481719342704,169.10140915949293,187.30980136463376,185.70694040983614,180.309145033785,178.5059734937368,326.19326567860884,324.703763977032,downdog
229,DATASET/TRAIN/downdog/00000274.jpg,161.51210585695546,171.99740171586248,140.43197204182647,155.4333837124096,342.3776214442481,159.56319153757116,27.66159146117827,359.2152054393946,downdog
230,DATASET/TRAIN/downdog/00000156.jpg,181.8873937412727,145.4966472273893,183.98765115055926,135.5475849913371,322.78338920478166,238.72427118323722,337.18480691219156,343.7835113680212,downdog
231,DATASET/TRAIN/downdog/00000233.jpg,141.9416403944397,124.03367489196218,163.61854739718154,165.76554809293492,180.1988377504186,175.3445399942165,307.2465887114006,313.02342141556244,downdog
232,DATASET/TRAIN/downdog/00000349.png,193.52113879821945,160.4472055680678,189.1849638910427,90.40563107060689,192.9031084053653,183.89398899555377,331.1751920841345,339.05403575470547,downdog
233,DATASET/TRAIN/downdog/00000357.jpg,167.3291706895101,170.55186363464904,188.6031087187104,189.20245637030948,189.12782079892054,183.60100507867415,314.1170255175224,313.99960716492774,downdog
234,DATASET/TRAIN/downdog/00000247.jpg,181.37184068442969,187.50477898047606,180.16445300659035,183.71635047197944,174.06538945961572,177.2521094978168,53.513822483114744,53.72926355751505,downdog
235,DATASET/TRAIN/downdog/00000160.jpg,192.34316348411932,193.97795199907227,185.09401598164968,189.2029609789142,172.6808701622941,165.74428318192633,46.23909617032747,44.82308325449081,downdog
236,DATASET/TRAIN/downdog/00000404.jpg,209.5321855090857,191.52799101211636,203.43750055378325,205.8101087101811,176.10219679518235,174.3261059908833,42.60473034202115,53.085688868935584,downdog
237,DATASET/TRAIN/downdog/00000369.png,177.1278176587959,192.0068397461273,187.5461928705384,190.3584010579822,185.71625130499433,194.4232142734832,46.817825614201205,51.37468254679631,downdog
238,DATASET/TRAIN/downdog/00000133.jpg,189.33191939082622,187.16477463338043,176.3610636242296,175.77360607998577,179.81891321181067,179.33069561592222,43.65795079107379,43.43045014444454,downdog
239,DATASET/TRAIN/downdog/00000334.jpg,175.45904449469157,132.39102739707502,184.51210004252385,186.03119362523384,128.57714516428825,161.09430091306714,2.833533988238608,53.80061339238752,downdog
240,DATASET/TRAIN/downdog/00000131.jpg,165.37140840978842,198.9300532794226,159.04000425526732,191.260963651678,186.33742375537005,190.45409416332154,44.74663635903947,54.80724998478094,downdog
241,DATASET/TRAIN/downdog/00000299.jpg,182.16813788784467,188.0803266697202,205.56567988316223,179.98711278449437,94.90378927888803,136.46237800306574,342.1732804209246,14.284156943338777,downdog
242,DATASET/TRAIN/downdog/00000340.jpg,188.94688823767177,220.32700472221592,207.21003489222565,216.00631756307823,150.25040474624487,199.9383909976691,55.17113152770462,77.51662072368153,downdog
243,DATASET/TRAIN/downdog/00000254.jpg,184.80433444614388,186.61376057081054,189.01217077238115,189.51268458790543,185.8234386608627,189.19513947567782,73.4793768674017,67.41705412916431,downdog
244,DATASET/TRAIN/downdog/00000391.jpg,180.29551219169912,336.7712538116085,321.9291113123111,1.7786980836235589,24.153671026402414,346.20644770695657,52.39416827731296,350.8624869904508,downdog
245,DATASET/TRAIN/downdog/00000408.jpg,201.25820993736318,184.83042977353884,331.42945431586776,320.3494925595467,167.8134555448336,185.4772611810522,141.94794031434577,197.43973218546466,downdog
246,DATASET/TRAIN/downdog/00000338.jpg,191.15049738629813,179.20323210606998,208.8197000388839,205.117792221694,184.07685101534318,181.3017797306222,72.54564943820417,60.65593514853414,downdog
247,DATASET/TRAIN/downdog/00000322.jpg,181.84055417705957,177.75981086311558,190.01714633314046,185.51309549760742,175.16641154166138,188.09901449335956,67.31843349470589,49.73578667874294,downdog
248,DATASET/TRAIN/downdog/00000303.jpg,204.2929171089128,216.25783426165688,269.64209017898077,259.1778543499724,70.84838046874103,320.66948141472307,11.621268204902378,242.61588275349652,downdog
249,DATASET/TRAIN/downdog/00000177.jpg,194.26225023807038,327.2249173752827,220.26267166189302,238.57568436139422,188.45417884654813,198.41081126393257,69.25235022323018,73.50168073254103,downdog
250,DATASET/TRAIN/downdog/00000292.jpg,195.88465941029338,199.10952795368067,184.99062010988735,187.6069419446078,179.81815031050647,173.6887989003728,60.00296185242781,55.25941930827019,downdog
251,DATASET/TRAIN/downdog/00000276.jpg,168.59769561044104,160.23262227192242,219.5572313057525,196.43530974377833,125.5740366196365,170.56286737687725,70.41273096924881,92.72037460917807,downdog
252,DATASET/TRAIN/downdog/00000298.jpg,259.10328073553956,299.097500698163,212.2793685799482,222.11104096039873,135.698501529135,310.32869183129446,16.240281241448805,190.92617876878097,downdog
253,DATASET/TRAIN/downdog/00000132.png,110.08943386113785,121.32094861372319,124.01740307861354,120.07749433705824,0.27885312479461805,145.1223845846327,1.5630056006117008,344.3756815160021,downdog
254,DATASET/TRAIN/downdog/00000227.jpg,191.11746448758282,194.57170585376826,204.14488304289395,204.6488081727103,183.51885470730159,185.8832365974928,66.90715185745317,67.77052357403153,downdog
255,DATASET/TRAIN/downdog/00000220.jpg,173.21615073707812,183.40023702580217,187.4524152582948,193.10691692565078,175.71960752846246,173.1323400474989,55.46322729721407,51.34117808523253,downdog
256,DATASET/TRAIN/downdog/00000291.jpg,200.46085712223243,205.8008929114239,198.22034116297291,198.31478077986333,168.70011143098762,164.81796673065037,56.425654328466244,57.52175192103677,downdog
257,DATASET/TRAIN/downdog/00000241.jpg,192.24085378141072,196.3218780218451,194.8238319857049,195.46855932683096,175.37788423807854,176.4338483514995,55.81054418148954,56.14514836442768,downdog
258,DATASET/TRAIN/downdog/00000309.jpg,100.2198148721163,153.8908422075913,110.09721673993734,160.53536670754792,210.97349067611293,161.11995996807715,351.1919559576583,353.20974701886803,downdog
259,DATASET/TRAIN/downdog/00000143.jpg,187.02747019972495,182.46672599564405,196.71007149623955,194.91629220472694,161.11658037409566,159.62273681099154,62.720944503410585,58.60760534386852,downdog
260,DATASET/TRAIN/downdog/00000213.jpg,182.92916461212968,186.31999370423506,176.53529972776968,178.69225564208017,175.10730783315873,173.8542674989292,46.11315133033892,45.414062316397384,downdog
261,DATASET/TRAIN/downdog/00000329.jpg,193.6660295227123,189.7321612933404,200.78465854958625,200.6139639330472,177.63746257200822,178.0707451701537,48.61157935335798,48.21821492407109,downdog
262,DATASET/TRAIN/downdog/00000406.jpg,185.04795913206334,191.53757612665092,176.94339769520283,180.2760980547136,172.17461286691207,171.57830557524463,42.32227291051308,42.12508684416889,downdog
263,DATASET/TRAIN/downdog/00000251.jpg,257.6700297451792,72.35927791780188,242.90731601467672,179.96094129233225,204.42222346742784,145.4220592823507,44.37248874863045,27.756757838030197,downdog
264,DATASET/TRAIN/downdog/00000155.jpg,177.58724588868085,165.78036642315783,185.16650929047012,215.52380047373538,147.2639728727649,181.47106313903612,23.473562492189554,47.20316036281996,downdog
265,DATASET/TRAIN/downdog/00000337.jpg,192.66097056398246,188.36009548087597,180.05989986113858,178.86153677409948,184.72906014000608,179.28031961509473,55.51389561625831,56.50439313716801,downdog
266,DATASET/TRAIN/downdog/00000346.jpg,191.40341698840322,192.54457213514888,180.1763590363019,180.43576236035224,168.55789259642756,166.4770151851055,49.03171196939078,50.113371367741266,downdog
267,DATASET/TRAIN/downdog/00000284.jpg,227.72885547407986,182.65953259423483,263.79766860915464,252.58199470170013,171.03769784297364,184.92889897198268,25.178481995799366,39.42384987441478,downdog
268,DATASET/TRAIN/downdog/00000130.jpg,201.88165858922528,192.77870047673076,192.31596736365904,189.79052300814536,146.06400976931528,140.60451824369434,45.810642320296836,45.84228246567366,downdog
269,DATASET/TRAIN/downdog/00000354.jpg,196.38751580952982,200.73138175038434,182.61822863982508,180.06997012046773,176.01584350482355,174.13876624540146,56.18252893615446,54.50821174830926,downdog
270,DATASET/TRAIN/downdog/00000180.jpg,68.97546851106239,257.7615879978512,109.04113221128235,210.63528567705748,138.20460834347085,98.86233386009935,22.869892891000188,26.36614156729649,downdog
271,DATASET/TRAIN/downdog/00000235.jpg,258.58129277017775,213.35074231474243,276.79420451415444,277.5328183289625,61.944162124449754,94.80360979475579,43.25371190860791,52.99606920185589,downdog
272,DATASET/TRAIN/downdog/00000248.jpg,204.00335965071758,201.47074116192755,205.3434592789449,199.9940670663213,166.41573436653837,161.57344943394642,59.00280473612089,58.74860809419285,downdog
273,DATASET/TRAIN/downdog/00000224.jpg,245.62203630318757,210.04824569431457,281.0935094566264,265.4022817928163,119.23884164205978,206.0713457800409,51.179537881506405,88.82191860459957,downdog
274,DATASET/TRAIN/downdog/00000370.jpg,162.95975464369278,285.6187585332532,190.16934403829163,315.0079199412392,239.24314530081662,200.23143051059435,133.1377738173535,97.24774572726768,downdog
275,DATASET/TRAIN/downdog/00000366.png,181.87977325147284,185.82005044659113,188.11926914631854,193.22485567809312,175.27123365860595,175.49189943804618,53.7930245528432,54.19617986293696,downdog
276,DATASET/TRAIN/downdog/00000229.jpg,161.82511651548174,165.22150614700868,171.59263659422538,173.28647315545706,172.49138774875507,171.7890065472752,304.8077352421718,302.15735861139234,downdog
277,DATASET/TRAIN/downdog/00000351.png,172.8361543691111,151.49936887013314,182.6463345558904,118.2864549384175,205.20383325217716,214.9079030185603,341.19240224969315,340.13242284239607,downdog
278,DATASET/TRAIN/downdog/00000272.jpg,166.17872134010665,161.54911258931807,199.43215418095102,185.70711993651705,197.4134915673293,228.2475938127837,2.6116795733427414,334.8025286542419,downdog
279,DATASET/TRAIN/downdog/00000151.jpg,171.46835210996846,176.723835392856,203.7964336546142,202.18627223797722,180.7973640046049,188.28138000600418,304.6585840579921,306.4242512601418,downdog
280,DATASET/TRAIN/downdog/00000286.jpg,156.4307394461232,347.4515505690583,170.05810202707124,344.2610835240947,161.9601152197739,184.31718429650766,280.06132006397434,297.0571271802354,downdog
281,DATASET/TRAIN/downdog/00000230.jpg,171.15595867749374,178.74709316714274,178.3800903626411,180.59045619964994,186.736291899864,185.17454615629234,301.17075553236003,298.55368265511163,downdog
282,DATASET/TRAIN/downdog/00000353.jpg,338.3728139602644,38.02135499529786,315.67587759747187,88.2101034767332,161.67885158545144,193.4182276050331,252.2313545457393,284.8284848321807,downdog
283,DATASET/TRAIN/downdog/00000238.jpg,225.87436037183008,172.80299334439695,48.62447313802618,118.6838491115428,170.47560334023893,162.63175298570013,196.68118850351843,303.99541042358095,downdog
284,DATASET/TRAIN/downdog/00000138.jpg,183.437840107779,213.15620799794135,180.75453038358484,186.07403873957188,78.00664827287775,165.80662064080963,314.3537981249731,343.46437187478114,downdog
285,DATASET/TRAIN/downdog/00000343.jpg,188.84995614906856,207.10261762354438,214.0032500940224,203.62390908682397,180.9724338798363,167.31814438849014,328.91752712092955,352.1018981224119,downdog
286,DATASET/TRAIN/downdog/00000415.jpg,200.2698570585826,186.22964773806004,185.9318127145603,131.20119443156486,149.9209707039336,134.53929868979696,335.980610867507,297.2946271402418,downdog
287,DATASET/TRAIN/downdog/00000226.JPG,60.542002161842106,56.60891022787039,29.153263893162013,52.61092174599099,221.38133763372375,356.03938696403395,233.28733757139807,259.29101519316134,downdog
288,DATASET/TRAIN/downdog/00000288.jpg,283.15099206960116,262.5180044746846,252.54113885672,241.2213089946624,159.21745489653648,203.61655028148954,188.12064749717436,220.5199186224909,downdog
289,DATASET/TRAIN/downdog/00000323.jpg,162.60018273219484,179.7027323375956,171.83346859805565,180.9547848252173,175.96483370251872,174.49089923907496,304.3655203598738,303.3710947794263,downdog
290,DATASET/TRAIN/downdog/00000201.jpg,178.78950008990168,190.99322212842978,172.8660145690528,174.83888922546748,211.1950527810708,201.0392900953111,316.44682129122305,313.8340772195189,downdog
291,DATASET/TRAIN/downdog/00000154.jpg,151.3388594029222,184.6255650049643,136.35462319517677,184.002179505571,217.72687424493748,211.07487665647582,346.14664074739414,342.2385473724894,downdog
292,DATASET/TRAIN/downdog/00000281.jpg,161.04151407442575,213.4273885342332,281.1672814688829,2.131989239387511,65.05362351457971,233.81703155144763,108.33662799215288,194.83611174394656,downdog
293,DATASET/TRAIN/downdog/00000293.jpg,147.49390699952812,119.38534734648749,65.26031248790304,0.5124155573859114,103.93523228674772,235.68688107971656,315.65775247597884,65.70243361571889,downdog
294,DATASET/TRAIN/downdog/00000300.jpg,170.99184765101325,153.9233741040208,176.0623549812138,169.04749418565842,182.8863743527111,174.57426636882747,318.42912029788397,315.7454672121835,downdog
295,DATASET/TRAIN/downdog/00000268.jpg,179.43738218664203,167.6870757987457,19.5037689422723,13.370594268431782,184.04051415189724,100.08430416419583,299.5206422565876,246.96022165877383,downdog
296,DATASET/TRAIN/downdog/00000425.jpg,308.32066793303625,190.50555602419857,300.3988992962521,334.0193077560449,321.5029007739061,357.2072375513865,347.3900149507375,325.4968817656577,downdog
297,DATASET/TRAIN/downdog/00000342.jpg,215.7624862375094,140.27662631208574,207.18500010682223,8.611854048024163,191.09389577193178,42.67960862961485,3.6291903550236215,189.49979594851197,downdog
298,DATASET/TRAIN/downdog/00000345.png,203.24056468423169,200.77014463771866,187.22529364286362,185.71713177886062,169.48318229961163,135.31104172032417,59.49387740257445,38.83090860745553,downdog
299,DATASET/TRAIN/downdog/00000153.jpg,184.06891808571004,168.9830075602212,190.9001192511225,179.00904914329894,128.41096539345864,165.91881717700974,47.16704311975457,356.79986107447223,downdog
300,DATASET/TRAIN/downdog/00000183.jpg,202.2614792423675,203.7836343617972,176.3139145578601,175.582618887773,177.5790687746908,181.39195154517444,46.15669870418179,45.56253434851849,downdog
301,DATASET/TRAIN/downdog/00000250.jpg,189.60395727215928,180.7439288124502,164.08126687866945,151.64813586805477,157.4717205486397,161.2017984632006,52.850701614308534,48.77949192443513,downdog
302,DATASET/TRAIN/downdog/00000243.jpg,197.93238796126198,195.78254924620853,220.34893718997176,222.73190450324088,160.63066921513877,125.07458637612987,21.555514684360414,85.96175545052931,downdog
303,DATASET/TRAIN/downdog/00000150.jpg,196.89539132491836,189.109320009317,202.68823300588053,192.5991049540104,179.47011704141352,175.89760973592482,44.65203169750292,41.16173023323481,downdog
304,DATASET/TRAIN/downdog/00000210.jpg,206.23899655641472,148.48180131657293,213.15184634958177,168.72937007789895,185.02702793133844,201.59959429814197,62.15899255595261,71.56662109432925,downdog
305,DATASET/TRAIN/downdog/00000277.jpg,186.39886344286214,175.44384496125957,208.526443285966,180.22337160711112,58.64689072112825,117.72999762954326,80.67397873740519,73.66890290419293,downdog
306,DATASET/TRAIN/downdog/00000215.jpg,142.71113109372178,204.5526101936026,297.8688453451159,3.926543184622928,149.35783978510926,107.85341550717382,327.8170557779405,326.41458687630245,downdog
307,DATASET/TRAIN/downdog/00000420.jpg,203.3332330252454,221.05098478982256,219.7711083887502,222.51704235258154,201.51041197754836,183.57850659292075,40.22922062734697,42.35957298285722,downdog
308,DATASET/TRAIN/downdog/00000283.jpg,252.25992655157432,260.4177472651307,294.4514425166148,313.93464740572443,350.42180200040764,9.897128547490468,297.8423289520394,331.69427060252724,downdog
309,DATASET/TRAIN/downdog/00000197.jpg,260.425807030191,332.4847986678909,258.99753067582014,344.5438045380347,156.6996681454132,259.4835716706183,23.800439871432953,48.31015254987723,downdog
310,DATASET/TRAIN/downdog/00000172.jpg,236.16042874127936,186.68211201116102,306.08075815345006,320.7567372080559,131.81384084266594,141.2452671430282,298.10823182455334,298.07509034465994,downdog
311,DATASET/TRAIN/downdog/00000393.jpg,277.4097641708402,212.79343342080494,327.064509677306,242.60075057755495,124.52345318204262,138.9296293375218,345.3538073363268,352.3755719451502,downdog
312,DATASET/TRAIN/downdog/00000244.jpg,248.43021407998936,0.3373706838820145,348.2045122860316,82.356012439246,235.4926454876912,137.35127137099985,22.592966554521443,356.27167363980163,downdog
313,DATASET/TRAIN/downdog/00000297.jpg,191.9397581722622,193.03956683570058,186.98023201421802,187.74075291850983,167.02583249588338,179.90010401840055,59.25990189754539,63.105663965219236,downdog
314,DATASET/TRAIN/downdog/00000382.jpg,195.47701644553584,198.9459787339627,182.00312617385765,183.83444880473095,175.431590127692,173.54307437643348,60.24625808428487,59.14187615647115,downdog
315,DATASET/TRAIN/downdog/00000327.jpg,232.24272683955846,221.47545228199542,222.29284332641436,211.45125151977572,175.11660197641956,175.0771963959629,192.9543950641968,70.65583686533512,downdog
316,DATASET/TRAIN/downdog/00000328.jpg,184.07565505074683,164.93832008182454,214.4136369894113,181.3203659426069,206.09909962618786,178.79273878428322,325.50871456640084,348.6081961892286,downdog
317,DATASET/TRAIN/downdog/00000417.jpg,196.65506982342131,174.4517079128928,203.67634613721643,195.25714955353936,140.92402624959567,181.96864924037484,51.025950924969784,29.830682059752114,downdog
318,DATASET/TRAIN/downdog/00000128.jpg,185.90714317024123,185.51633856623963,162.7314572959686,167.95476591679062,203.3284585880416,201.98212943313212,74.44700235489937,70.13240383867766,downdog
319,DATASET/TRAIN/downdog/00000263.jpg,166.88026168243607,178.40583534119037,194.206586598005,215.78573153628545,181.53343555451437,154.46820508170393,88.97305838083183,31.31624158384475,downdog
320,DATASET/TRAIN/downdog/00000170.jpg,191.24820977726102,192.53473395828414,176.90501809619886,178.71650339990128,179.80868613389273,181.952146723544,36.388776112816906,37.78403509838447,downdog
321,DATASET/TRAIN/downdog/00000350.jpg,162.8200589011822,177.9861918203573,27.111740645186625,31.3836927784948,168.01091219155347,160.30910783839883,44.59276412784408,41.582858030531035,downdog
322,DATASET/TRAIN/downdog/00000372.jpg,182.2350133461924,188.31524769823727,169.36921303965877,174.36673674330322,166.95313247024632,165.62386204647638,40.84936744651417,42.18532150260959,downdog
323,DATASET/TRAIN/downdog/00000217.jpg,175.53655290285081,170.25731485167944,161.02742190391223,135.2108150760757,223.8280028603917,216.6826495697578,19.18418895593609,17.758454888564,downdog
324,DATASET/TRAIN/downdog/00000403.jpg,200.46985467024984,204.31410181591534,155.05120608524828,161.37498266047334,183.64638639668624,184.0910558860863,46.5026528420647,48.180578642598036,downdog
325,DATASET/TRAIN/downdog/00000146.jpg,182.62177634365662,205.0441347608396,139.49319574616771,152.44836519540775,181.68147921381797,182.8381691695371,48.67208125061674,52.05156185170604,downdog
326,DATASET/TRAIN/downdog/00000278.jpg,194.57958189583744,195.28828458409288,181.17241294280663,183.3727956089121,177.9877206805819,176.93613894846607,69.89993529721143,70.29189949663822,downdog
327,DATASET/TRAIN/downdog/00000166.jpg,189.2996596209491,187.24791607928773,190.2874713893611,189.63839952290138,181.1992279346636,177.84344849752253,50.196903376331726,49.1537961579355,downdog
328,DATASET/TRAIN/downdog/00000140.jpg,183.11780528417876,184.5451273593977,178.93760048450915,178.68437155655764,183.24757045258906,183.70608897918166,57.39407000073008,57.15651210756554,downdog
329,DATASET/TRAIN/downdog/00000344.jpg,193.96120297306499,205.46906550173966,179.6510977214985,180.117120811843,220.98789818541252,185.58970988724107,80.78812480807828,13.26626383275188,downdog
330,DATASET/TRAIN/downdog/00000135.jpg,211.27715870423148,182.31935659228972,214.5840244890115,184.57383243094182,160.51077009862013,166.4243642119437,34.00495645209473,25.10758983876382,downdog
331,DATASET/TRAIN/downdog/00000199.jpg,299.6239962932246,267.2152474459548,316.84175972513907,354.64105724325526,139.05873081121374,150.12061474461663,1.7173891217903101,13.054594693300974,downdog
332,DATASET/TRAIN/downdog/00000412.jpg,245.64300203844573,215.40747508422413,253.83667120374534,198.0483517856062,161.7091278962868,187.17907382126387,27.827909235940393,50.066379617055496,downdog
333,DATASET/TRAIN/downdog/00000242.png,164.6009634443069,160.5321992359331,167.01309795361334,170.39788666939458,173.71967437203233,202.26054422653104,305.5240332804429,26.87923863220802,downdog
334,DATASET/TRAIN/downdog/00000129.jpg,204.66940322824266,188.009652914641,129.8318678607226,115.02487999584383,231.14353795023396,255.80916997639952,350.4534712219772,347.5465312183844,downdog
335,DATASET/TRAIN/downdog/00000206.jpg,189.3045075360648,153.64481097194533,203.6942193189442,145.61409057725575,189.43063414729352,188.85382406019,342.5550205849593,10.449047359770647,downdog
336,DATASET/TRAIN/downdog/00000316.jpg,23.60461452873415,104.39287151532963,69.07244316317428,117.79969181128013,201.8774114240266,196.14050227204575,319.99832977582054,308.6685840244377,downdog
337,DATASET/TRAIN/downdog/00000159.jpg,178.49682174462708,185.24280151772084,178.20251792330598,180.45582554491727,123.96433080412119,207.3169643027948,246.1475504127453,287.0301739959735,downdog
338,DATASET/TRAIN/downdog/00000324.jpg,188.70764995673457,193.02532401803674,153.55384963205952,105.94078905981922,286.72602310214,217.69597877150372,36.02122124186712,3.4636115183808074,downdog
339,DATASET/TRAIN/downdog/00000360.jpg,191.61484463235112,195.73751488392332,158.04338172471452,156.51816304573182,171.98196271911755,174.18633573265498,48.89393194588678,51.464544814086906,downdog
340,DATASET/TRAIN/downdog/00000228.png,0.5150952246702226,329.9961956024209,26.428005394298143,335.96622897349584,176.04578742132537,333.7858479794015,352.57421194709207,2.510324832185039,downdog
341,DATASET/TRAIN/downdog/00000422.jpg,166.86412428799903,174.100225105126,176.3074208822786,185.61959056939,187.5577721651515,187.91229947544298,8.976013546946108,29.29578862301573,downdog
342,DATASET/TRAIN/downdog/00000341.jpg,124.44655528827192,204.35306330049494,163.29072709310543,125.38469796454689,170.14497361411335,177.5728488266834,26.021953365624196,341.98737432048455,downdog
343,DATASET/TRAIN/downdog/00000142.jpg,184.89084252406008,233.58239679174162,175.47429455898973,192.69690042979326,174.81877175651042,126.89864903332509,56.16752705478196,62.03301809831005,downdog
344,DATASET/TRAIN/downdog/00000232.jpg,165.23402248233634,236.5263584401112,262.62834330879025,215.35097083255548,158.50192240089197,194.71567870702958,56.01868399330796,81.44429639716314,downdog
345,DATASET/TRAIN/downdog/00000203.png,241.600497892499,185.59016910394874,249.98087194686292,317.59982615756536,124.85512495616035,226.69822844789127,309.2431980029728,71.28154151486163,downdog
346,DATASET/TRAIN/downdog/00000239.jpg,178.62822074672056,212.66953358226908,199.34408105073183,211.64355082713504,177.42736168382362,354.4866513380605,42.060405309651024,209.26547526033855,downdog
347,DATASET/TRAIN/downdog/00000375.jpg,186.7168079056954,196.51890883071832,177.68691755466824,179.53238059139574,184.25427888196043,188.81652177200755,55.2788697441204,55.84118487105973,downdog
348,DATASET/TRAIN/downdog/00000355.jpg,185.93602789484564,283.2482603105254,193.39721654473536,215.68413228859515,173.51359398031497,168.39229374071704,59.74373492359834,38.31880614233418,downdog
349,DATASET/TRAIN/downdog/00000356.jpg,188.7869290420789,194.65926566937665,205.10983539848738,209.53897524102814,160.43357470113236,163.7257301194931,70.31024451919778,75.77729711327409,downdog
350,DATASET/TRAIN/downdog/00000378.jpg,167.38715086469276,199.04808559194717,145.15898483050668,166.19230463774883,112.67269745269545,150.07892130188054,7.589076738008208,33.0204792801398,downdog
351,DATASET/TRAIN/downdog/00000255.jpg,111.74593547514837,164.32995802914536,3.2654462860863664,6.469009611159521,236.26220325924126,261.32278584250116,113.8882803490645,139.30746925850374,downdog
352,DATASET/TRAIN/downdog/00000289.jpg,191.28152313698445,198.07997816923188,200.62435040939704,197.38696971729772,176.60867214794573,174.30857191270903,74.24478740530913,62.07850591768824,downdog
353,DATASET/TRAIN/downdog/00000333.jpg,241.05604269191693,263.3948424772202,280.21746793204466,331.9041247030585,261.104046242473,184.62784561234193,307.57448008767483,257.8637772373589,downdog
354,DATASET/TRAIN/downdog/00000164.jpg,174.66562667663968,182.51231088764328,189.6213310305939,187.00638356908232,351.9437198699775,358.6823194198611,349.21079566974606,285.88721498337526,downdog
355,DATASET/TRAIN/downdog/00000162.jpg,255.7770864351517,276.91013198119225,306.6350812730512,343.4151308488376,103.68804302775976,338.4222005461544,26.81219870192075,206.01730110212185,downdog
356,DATASET/TRAIN/downdog/00000326.jpg,207.8781011545462,184.84624558385707,200.38884640794163,195.56408476893645,63.93010970112213,31.641033529214354,352.70860604239857,293.07357330328324,downdog
357,DATASET/TRAIN/downdog/00000295.jpg,133.8475074301012,117.27791806659903,203.44820435591242,207.57068708822365,269.30805966494256,300.77836293955306,70.81932854181503,120.73433545116498,downdog
358,DATASET/TRAIN/downdog/00000214.jpg,238.33526118246482,167.6068113601631,265.19592168509354,200.18702641504828,12.02486682943797,358.9156639857084,39.131702428400814,78.12896621746292,downdog
359,DATASET/TRAIN/downdog/00000361.jpg,70.65525752883491,97.7777175041785,301.23033195756665,51.176422643972685,250.17823858715434,294.63542112755727,231.5642750621845,256.4133590834927,downdog
360,DATASET/TRAIN/downdog/00000234.jpg,234.31867061685242,249.93035078834825,261.9130343515901,266.9579917404646,193.8839272332847,225.28859852165726,24.375118184124364,29.06169925734723,downdog
361,DATASET/TRAIN/plank/00000190.jpg,175.53601644126942,174.26850053622638,67.67863904198657,72.44345769868889,191.09416139320868,191.3591088807815,211.92813499032303,174.81939424636008,plank
362,DATASET/TRAIN/plank/00000348.jpg,231.12956101339648,184.82995603428662,50.48963026635417,331.18315566272685,117.83806125030068,136.56114283739723,34.25973652735502,50.75354325102836,plank
363,DATASET/TRAIN/plank/00000431.jpg,157.38394151825284,155.40814316791293,69.27040476187643,359.4439085229314,236.8403466051513,165.96411686388362,262.7541471133923,266.5093356804484,plank
364,DATASET/TRAIN/plank/00000158.jpg,191.17515502954814,187.67204095921713,229.84507320449484,83.41519359751095,153.2550777965613,193.21038029472456,51.71691022079562,278.0785001564178,plank
365,DATASET/TRAIN/plank/00000423.jpg,154.7052970126915,195.84592882038208,149.84247526693426,170.24179684518367,161.36523393221356,119.94983379101707,25.920045271454683,144.7029407239718,plank
366,DATASET/TRAIN/plank/00000236.png,256.0671867683182,304.0007600891533,72.4686229297181,63.42525707416763,183.33592345390088,204.20458385185668,176.35092579389195,135.92951417722134,plank
367,DATASET/TRAIN/plank/00000198.jpg,231.88650460764813,153.69802048395667,247.5601384469296,111.97731770171205,193.64464981227331,226.3543567261134,138.58115402497805,345.235933188797,plank
368,DATASET/TRAIN/plank/00000219.jpg,187.9524501035016,177.18965633402115,231.88565877232577,69.45313553313534,177.16576335660574,281.0544049448777,128.73017759984967,250.73905653473946,plank
369,DATASET/TRAIN/plank/00000385.jpg,194.04821438369135,174.69573258954384,221.4016056050695,67.77491493406794,185.5487255641467,186.67645717578446,190.14094624009343,213.2988883159601,plank
370,DATASET/TRAIN/plank/00000137.jpg,184.36777225202783,200.78008836734895,311.15730194319275,283.8828241611749,193.99715849724134,313.46501573317846,170.47680065849022,253.9568108648778,plank
371,DATASET/TRAIN/plank/00000208.jpg,280.81533180509973,61.28484139494048,103.44650280855312,58.51972411576041,124.3347653734498,64.83212770480517,158.5641921255797,140.8034796729736,plank
372,DATASET/TRAIN/plank/00000381.jpg,168.2144254514786,169.0148872598755,69.77876239503928,51.35947206605428,173.67389469961512,246.02358471428636,215.69486155760072,222.99734259390624,plank
373,DATASET/TRAIN/plank/00000202.jpg,156.36043740132297,175.14640711478216,240.56529657572867,89.20380797557388,187.80431887229312,198.67574772418925,208.6131729930873,232.098313550841,plank
374,DATASET/TRAIN/plank/00000308.jpg,189.89927633777148,180.99322808161733,31.772863227251058,116.72339159107719,85.6858385518175,215.08427914676275,229.23803186831378,356.5184287585771,plank
375,DATASET/TRAIN/plank/00000223.jpg,187.98429027965395,181.0169341690535,79.179395743785,143.0918067011677,270.3068702465705,161.30255681360882,284.8670423248231,67.26762904886029,plank
376,DATASET/TRAIN/plank/00000231.jpg,158.69447732305215,116.14048670637386,60.123314420903185,35.75125067807878,251.2606697895493,195.47455847588614,261.97176585451433,225.100347453513,plank
377,DATASET/TRAIN/plank/00000424.jpg,232.2275517478785,166.66500667479045,8.240881826058363,92.64530393783166,330.68539181833387,277.08242509712625,214.28067832180085,222.1717989219252,plank
378,DATASET/TRAIN/plank/00000245.png,194.16437846661626,154.41718882395796,271.3516543593945,95.14451555761775,210.14458162712808,192.1253828193983,228.88346244564744,223.9058791886656,plank
379,DATASET/TRAIN/plank/00000279.jpg,149.0846249657668,184.99091804231614,70.11669004419859,77.14953243140361,174.4393255262437,159.29066128898177,132.90169280352242,189.17451156361125,plank
380,DATASET/TRAIN/plank/00000376.jpg,233.74672149589355,140.68451332094835,303.55380853678815,73.5847247281336,149.2421043595798,185.53061224510267,93.41045072982425,200.20484991145656,plank
381,DATASET/TRAIN/plank/00000264.jpg,130.8864541112733,160.08319352862998,129.70122350365168,107.94457712951387,110.66381407646807,187.49205686403954,56.535733738191176,264.9557250403883,plank
382,DATASET/TRAIN/plank/00000426.jpg,145.44680571285585,137.16530131491078,131.912643842847,106.37269602424007,258.8240362211298,224.04863642527084,34.87899821081966,281.99899586208187,plank
383,DATASET/TRAIN/plank/00000310.jpg,215.9750754622538,174.4105764129702,336.1773114428501,319.511155647168,99.9492525706371,234.9818689286031,219.69534352590355,313.62222660816644,plank
384,DATASET/TRAIN/plank/00000296.jpg,61.121122454157764,120.73709148264368,22.21529570636625,110.30441468830202,191.5659755439114,251.42953382402274,327.1490494001333,344.0874645009253,plank
385,DATASET/TRAIN/plank/00000199.JPG,185.63801299695618,165.81440988024897,227.5324954125399,58.78501947007408,179.52712813651175,183.37198797082752,185.0668082469083,193.66231826970957,plank
386,DATASET/TRAIN/plank/00000246.jpg,180.94004493226882,157.91037178054142,191.09142491410987,207.00659719628072,156.3528765458859,263.54282134695217,297.1633371061906,197.26056064391253,plank
387,DATASET/TRAIN/plank/00000335.jpg,186.52515077975818,320.8310360613133,250.27838062644815,100.95669007364569,153.43458590537674,169.4444145839671,137.68265573539202,149.71962731153673,plank
388,DATASET/TRAIN/plank/00000216.jpg,284.3572077632881,296.35704054242274,267.5319520893118,344.9561209604926,175.0991112276366,176.52213349192786,168.27272063811665,150.06410482930772,plank
389,DATASET/TRAIN/plank/00000322.png,177.5146275486662,25.207087472120136,347.851071980489,52.378624655273995,176.88400994434156,181.24784715416277,169.28369670474027,176.12447783751935,plank
390,DATASET/TRAIN/plank/00000290.png,114.43025325372766,122.79168475588234,176.029471685708,174.8451771117138,175.83058864452903,178.95769176326556,311.6830028420093,311.03191996637725,plank
391,DATASET/TRAIN/plank/00000176.jpg,36.53275653209236,70.06443927851032,353.8727719401534,30.049825548684954,196.82999028575247,207.1774742237362,310.14323413222894,312.39679438057425,plank
392,DATASET/TRAIN/plank/00000390.jpg,103.77132142006275,167.71883520387237,33.28676336460235,49.48274723011726,126.3954814857113,32.902032948219656,309.82934025800915,228.88727393668333,plank
393,DATASET/TRAIN/plank/00000410.jpg,182.55932174626014,128.22244224679213,185.02634061116333,153.26934282755417,161.05240972498748,137.95663314195352,359.79020925572445,359.93197067282676,plank
394,DATASET/TRAIN/plank/00000144.jpg,184.60131023539216,176.283071522299,287.9856679318755,147.78826434447868,184.52543316431172,178.70215653969535,176.66950457667178,177.09943449221396,plank
395,DATASET/TRAIN/plank/00000242.jpg,190.51271472665263,188.29803220813994,316.22198222461617,315.76147388239707,175.4443605281917,181.135585684199,181.73164076412576,185.00150234891302,plank
396,DATASET/TRAIN/plank/00000377.jpg,173.69166473115456,168.4703264848084,292.86418661985635,289.9621363224119,166.31289335370153,162.65891971101166,152.33083859945017,145.75440097080656,plank
397,DATASET/TRAIN/plank/00000228.jpg,192.58519985961902,167.15271522054482,300.3137417288383,90.11579948353743,175.84651064208052,172.18011600822678,164.29754378450875,297.35950207002765,plank
398,DATASET/TRAIN/plank/00000260.jpg,192.34572487397793,178.33261570861893,311.31577233482716,357.3239086486308,99.03765215146788,345.06467511432527,53.670830219228606,336.02873342891553,plank
399,DATASET/TRAIN/plank/00000339.jpg,176.8679971330791,32.61520882134305,333.56490037801774,307.6673036789925,192.3727881537144,186.09665909381943,144.68229528230196,128.4976500573183,plank
400,DATASET/TRAIN/plank/00000263.png,235.26840702074026,142.2913004995474,294.21221361409334,156.8284325763754,144.49471490572333,315.2878697125858,154.60532456041838,50.67795409801079,plank
401,DATASET/TRAIN/plank/00000282.jpg,161.88641998418385,165.47778118868038,89.7214464621886,58.60657259577974,147.74328700396472,119.67312650907631,173.22604730348766,136.32752346058723,plank
402,DATASET/TRAIN/plank/00000332.jpg,155.7657875858271,256.01407046720817,111.05974123301469,212.97008438203434,196.92536563442613,204.25659129323574,238.39883496352684,199.02986946086259,plank
403,DATASET/TRAIN/plank/00000269.jpg,238.82433866155716,175.3817457574898,355.4265180599207,12.366018133318324,245.12568399996854,274.8621590342977,47.286092801948826,78.28165851235133,plank
404,DATASET/TRAIN/plank/00000182.jpg,147.2543114113967,197.2692860261215,178.35417989129795,68.13912275945154,112.99629042193419,24.95981193643171,237.03213924279936,73.1898785338495,plank
405,DATASET/TRAIN/plank/00000369.jpg,180.25079045267645,140.7970210243678,95.56326135893732,106.50723331621305,132.6278820315159,104.92667034102544,183.25097916354244,181.99951676297192,plank
406,DATASET/TRAIN/plank/00000307.png,189.08880554095634,188.27041438001777,306.84392946834134,306.4485069900395,88.81025239485473,132.50452381482717,21.859445234872545,169.4764193306243,plank
407,DATASET/TRAIN/plank/00000161.jpg,176.24969038100457,182.32006796367716,302.1323077112344,307.35221647559706,177.90731795912282,176.17678307321208,182.88266660184738,185.20929078778207,plank
408,DATASET/TRAIN/plank/00000374.jpg,210.65618593922414,299.85940320720766,335.63618084828886,217.25089453227864,350.0158597526493,156.62488453026197,316.4984438651337,147.84075322879855,plank
409,DATASET/TRAIN/plank/00000163.jpg,178.71833642456838,178.2039457438283,285.40379253732897,284.23539484634125,179.5434080537921,181.34513849427086,157.17494380465075,156.05480547855794,plank
410,DATASET/TRAIN/plank/00000175.jpg,282.88433863910046,280.0039722355199,295.0561768154269,289.9463907576491,165.93677809233978,165.22966038417397,172.4542215543583,172.67535796142153,plank
411,DATASET/TRAIN/plank/00000419.jpg,250.90513755317662,226.79350040828837,293.20340606433956,27.678189777636273,174.55092461928888,178.71323331335057,173.1082206982735,174.11544479196894,plank
412,DATASET/TRAIN/plank/00000257.jpg,185.43031815909302,170.89436213813002,42.19112068134748,57.61763927963962,271.44131126295355,329.7345044963566,126.1591284307356,153.32875569431096,plank
413,DATASET/TRAIN/plank/00000312.jpg,224.87581245817697,17.83570725521026,72.61783889758367,251.9085927264984,202.64997450069546,148.81846920043924,99.18240259000186,253.4277335498252,plank
414,DATASET/TRAIN/plank/00000189.jpg,192.60077118102197,170.95369962097354,247.49728270199773,74.97869065811584,179.02413624323728,181.13889808964123,177.1567824743622,186.6211666645747,plank
415,DATASET/TRAIN/plank/00000218.jpg,138.86038503269288,170.9896074480801,167.42145935739066,228.28947934650694,342.85545625295276,107.56885593361805,256.0186296095131,348.92976372862927,plank
416,DATASET/TRAIN/plank/00000365.jpg,178.2309178148064,182.82184172430513,38.191931181051594,28.552029592988887,259.1162094580416,263.1915327411474,152.0634901890962,175.9751002343563,plank
417,DATASET/TRAIN/plank/00000225.jpg,207.8816731779007,168.36604154925308,276.4403830175496,56.14773173912637,176.78080810846777,117.50052672961625,196.66689898853346,163.89692725962507,plank
418,DATASET/TRAIN/plank/00000399.jpg,194.93160789594762,179.60276418632816,316.9899826736423,265.67722231204016,177.6568115002435,193.72889404029877,218.98812519239442,193.1480737316494,plank
419,DATASET/TRAIN/plank/00000165.jpg,10.64220719538543,191.48355586298223,247.13512103403602,279.3990361173491,66.39821689533501,30.476685135522374,88.30301390934616,325.4275719082004,plank
420,DATASET/TRAIN/plank/00000388.png,57.68385399148929,87.12726312863516,2.936976204885274,22.333910960095036,188.0465334993275,173.7415645727103,190.46289265582655,185.5888471959364,plank
421,DATASET/TRAIN/plank/00000200.png,136.01736402287256,243.27904840876926,281.6670770692884,355.19324049241396,345.277092301276,197.10714264811247,344.1636798101364,40.656627634111004,plank
422,DATASET/TRAIN/plank/00000314.jpg,130.51159725982302,169.90079551190613,328.9555144237535,15.839831607122598,343.5434980661665,176.65322410248254,37.64665227306895,58.5457887834143,plank
423,DATASET/TRAIN/plank/00000336.jpg,173.4465433031054,179.1016227171073,53.228837202647966,5.16686582434324,181.44738351027294,166.05819026745087,202.59007822362213,184.03698073351032,plank
424,DATASET/TRAIN/plank/00000274.jpg,177.63618373950385,175.96128808707797,63.37109754225525,55.16876855387802,188.3756455824412,188.8462890990325,193.77796757203512,182.8732546983048,plank
425,DATASET/TRAIN/plank/00000156.jpg,105.48838268190025,120.60066148290316,78.486327454532,64.2947513530514,181.4743759999043,186.6913926934633,199.04660853015656,198.14559992177175,plank
426,DATASET/TRAIN/plank/00000233.jpg,96.06061203786496,98.73350207076763,4.959263448211077,4.381389327976411,200.68756067018134,196.71364141767933,183.8340574772954,185.5633029879619,plank
427,DATASET/TRAIN/plank/00000357.jpg,216.233980184004,204.02890194239203,175.67486551273055,170.98326351565396,231.9971572813588,153.9997986629567,205.4089294124588,168.6184870641827,plank
428,DATASET/TRAIN/plank/00000168.jpg,168.79782138936295,185.37861549572975,249.3178102110872,132.7050370370825,219.56501439539713,204.30972117467252,156.2230520460334,185.54660062502526,plank
429,DATASET/TRAIN/plank/00000313.jpg,172.50379424360182,55.977083265153524,75.24148090832755,312.48332470933667,174.2154125532942,156.88980863615393,189.82758905536068,176.1971462385535,plank
430,DATASET/TRAIN/plank/00000247.jpg,182.93021742030683,182.13622803139305,31.54139608391318,93.96731328048963,215.81142584955046,228.2903162294494,333.73372495325356,50.535100989635765,plank
431,DATASET/TRAIN/plank/00000160.jpg,191.6736213655529,175.23330466335366,65.52040826942147,84.222669436138,242.24119297945992,189.461294353644,326.4431057521947,338.4252944225585,plank
432,DATASET/TRAIN/plank/00000207.jpg,123.38097943155562,180.14155651551604,91.71424337639479,96.66737511139848,126.92117409295192,210.67061220347537,211.8812687927963,237.17802362880445,plank
433,DATASET/TRAIN/plank/00000191.jpg,158.9103783603287,173.45660130441277,75.55148358234098,76.92758343092977,167.15486280916534,166.83617195274,194.28112341817618,189.5989941579433,plank
434,DATASET/TRAIN/plank/00000404.jpg,151.22663193788614,145.54952171635225,57.23832770429694,31.886106947053765,187.91266917609286,190.30722543702353,203.93419904954243,205.99011759359973,plank
435,DATASET/TRAIN/plank/00000178.jpg,165.12330488808743,169.75764597886393,127.44611537138212,92.36363030867523,167.7041709386108,222.88167305631714,298.49072678293396,293.6056397403654,plank
436,DATASET/TRAIN/plank/00000222.jpg,93.98975446152336,180.01040256745418,65.45120273606256,118.35891520833329,190.61243516333465,206.56038137453888,247.45310456588908,222.92499566138616,plank
437,DATASET/TRAIN/plank/00000133.jpg,191.4956478130336,269.30792534802265,247.27091671719467,49.148887717492755,348.284164088159,294.90503307050443,38.16856252462932,331.0764049312106,plank
438,DATASET/TRAIN/plank/00000170.png,191.2617626348781,170.24072625931382,259.59720377212744,57.5882698906546,183.28390128761896,145.71836351736385,146.85812867290502,184.34365728534252,plank
439,DATASET/TRAIN/plank/00000321.jpg,169.10283098651445,180.53888914503847,82.93841266896517,133.94017627405566,170.27484129842205,200.8558818418026,247.57928181277072,327.90768801193127,plank
440,DATASET/TRAIN/plank/00000131.jpg,177.84895871758448,199.0378744102783,307.0973356839198,255.37729173544682,207.44250237991233,206.43784988462568,336.37409180227763,320.8982285568678,plank
441,DATASET/TRAIN/plank/00000299.jpg,184.1033499192267,192.5635276688609,231.20025877440952,249.99283008351313,163.18274974751657,65.61258471519658,291.4692476861079,172.01320235031588,plank
442,DATASET/TRAIN/plank/00000340.jpg,36.08518598988762,357.76158927565046,275.5641962415308,268.9405571267474,6.413343535118614,58.109541315071056,57.14400192121316,85.3590157837784,plank
443,DATASET/TRAIN/plank/00000254.jpg,67.9970667103912,70.18195988207665,59.89892774941721,53.937764305746576,185.7808063530916,189.6016544024245,185.95845524228906,188.48602898945583,plank
444,DATASET/TRAIN/plank/00000391.jpg,167.05691475765926,164.12685218411588,65.1265990130377,64.23362359531481,179.51823008571353,184.1130848267937,184.64803702567374,191.1859349984941,plank
445,DATASET/TRAIN/plank/00000408.jpg,176.0491074461826,171.03497593098402,98.7385001916585,82.89501815833518,324.0418976755047,212.91602329082616,159.4656191301239,284.5651667255577,plank
446,DATASET/TRAIN/plank/00000306.jpg,198.82514940415027,219.0811058348475,283.7846958768275,34.66784000531561,156.64593861594813,210.60857311845714,120.78905621386154,189.09247758755114,plank
447,DATASET/TRAIN/plank/00000338.jpg,183.18053330155857,189.39105986960513,286.35479679300437,307.2637206508036,20.998792670392163,121.21251973466573,71.00534751131104,88.70677777831128,plank
448,DATASET/TRAIN/plank/00000205.jpg,99.20564612701347,152.43571322385264,1.8805268345239405,47.884110989509175,219.9602165043431,176.85726900023863,204.064616657615,152.47863207208877,plank
449,DATASET/TRAIN/plank/00000303.jpg,51.75543076217502,338.0529027118933,333.37894004093465,184.37280752659206,235.73322864204403,259.9178661082516,271.9078315073928,254.55438230276127,plank
450,DATASET/TRAIN/plank/00000294.png,185.02019313715667,188.8733027588319,296.24549717494506,307.98926703651534,147.9263022686654,173.514274729304,151.4165308381479,163.3935034528563,plank
451,DATASET/TRAIN/plank/00000256.jpg,199.24366593363015,159.85254691846234,231.18884929465528,350.45548312859853,189.61241554125976,167.1860385561849,36.13501061963717,51.895457145145684,plank
452,DATASET/TRAIN/plank/00000305.jpg,215.77315735942125,191.7401223929331,161.2950241930957,351.2075714109959,111.80591782982698,171.53468496104568,6.103155902632573,129.51110206245974,plank
453,DATASET/TRAIN/plank/00000362.jpg,230.7429224940401,125.63368762619083,147.41724474173373,231.21222182449404,171.86542625031174,33.859813276333675,294.8737400368792,84.77886250566856,plank
454,DATASET/TRAIN/plank/00000276.jpg,71.07159663047341,78.7621162074124,74.05344984005859,70.23941510033993,186.81132159273585,191.38718940617912,186.75464095194465,186.01337832849853,plank
455,DATASET/TRAIN/plank/00000298.jpg,167.39160032924954,172.93032342281518,17.273011835798748,171.47737870571936,194.72329484426118,104.22219733638238,349.64196590224697,174.21431649989165,plank
456,DATASET/TRAIN/plank/00000171.jpg,147.59731260135166,180.3064686152933,127.8377738260727,181.07390707470753,128.75058589296555,80.84874423990713,262.0862708827278,252.7066094345887,plank
457,DATASET/TRAIN/plank/00000227.jpg,56.48001083086615,101.78833528831676,10.458930725607628,9.698055866203433,195.08774033789766,186.32376737477455,190.62044437305977,187.67550267370476,plank
458,DATASET/TRAIN/plank/00000220.jpg,46.28007668939941,52.41727374743931,305.99729368446964,293.8505418167929,217.54295514254454,235.32544514329254,71.60793105317858,45.57063300853419,plank
459,DATASET/TRAIN/plank/00000169.jpg,177.9696123584472,173.09967883936352,138.9777314053967,140.223125350663,148.5240232193382,16.21350729832836,246.9404182497616,142.71625265253593,plank
460,DATASET/TRAIN/plank/00000252.jpg,11.69257099410231,169.72535368694437,101.03603057414959,222.36753237829257,181.15114256334456,24.463034749717828,138.93838016284394,4.834860990347566,plank
461,DATASET/TRAIN/plank/00000435.JPG,33.88704570706671,102.44303845799286,327.90634034029574,15.296404457132951,132.27166088361724,215.43514265668958,172.85896258532475,181.6858593982049,plank
462,DATASET/TRAIN/plank/00000253.jpg,0.36469082861807783,188.7019863018537,256.7583228617391,286.7611327301771,346.58688279054934,27.238744285494647,60.05681651557805,315.37570859488744,plank
463,DATASET/TRAIN/plank/00000291.jpg,76.80190428681634,79.20417418334574,63.696754745766384,61.72493331519479,160.82316341256677,171.22494203902258,181.28051939600036,187.0282966459936,plank
464,DATASET/TRAIN/plank/00000309.jpg,127.92007376678926,150.20669184646601,60.11833501758283,90.4752308857551,182.89502442038318,181.63124818569577,175.83276527856273,177.02604327922413,plank
465,DATASET/TRAIN/plank/00000270.jpg,188.08464452536722,188.57552046238723,283.9340073932917,285.6685477136793,178.51740907613606,180.19408541833621,141.74924608199035,144.01254707288686,plank
466,DATASET/TRAIN/plank/00000213.jpg,226.50289014800722,194.03899614530062,329.5812753136497,310.6721569310007,46.606957611413215,22.74661012605833,62.97686528585831,18.678656004056315,plank
467,DATASET/TRAIN/plank/00000406.jpg,192.29569088857207,182.18705552752982,261.7882608437599,253.33407026384845,177.66905693343034,176.67363594995092,115.882637294138,115.43598711342922,plank
468,DATASET/TRAIN/plank/00000159.png,213.782598215682,206.42656944516182,28.712887166070335,7.913073341983282,286.5726070413248,175.42982537983409,102.10553297765675,8.933804296847486,plank
469,DATASET/TRAIN/plank/00000251.jpg,186.97830278625943,171.37842725489452,232.282118893301,63.61271624282497,180.1743993362536,191.1837044012044,165.52845163546777,348.45046800634236,plank
470,DATASET/TRAIN/plank/00000363.jpg,145.09072979475533,162.71045266832235,303.35757524099887,123.30186914872974,325.2894944386188,197.02732716296237,336.3395986640704,358.8659309616141,plank
471,DATASET/TRAIN/plank/00000155.jpg,291.0734407218629,161.5083323316808,214.81808666732593,140.96455796999814,244.83356453232082,273.2725389472464,176.4098186537982,294.80834504106866,plank
472,DATASET/TRAIN/plank/00000437.jpg,157.054903168207,162.6691242894885,28.53004974416271,134.44916614074444,269.36397713151234,219.6781376275259,17.878193383071388,354.4711104035056,plank
473,DATASET/TRAIN/plank/00000337.jpg,126.18659917629506,35.04722750381607,276.62770799223716,73.67449341999811,206.435423347202,188.34735261816823,5.571510901460168,353.1518770484799,plank
474,DATASET/TRAIN/plank/00000346.jpg,78.6123802126381,159.61998208291897,0.5908152945060359,53.59017350367684,299.77343041712527,219.06939371018558,327.952630055078,252.98134260259633,plank
475,DATASET/TRAIN/plank/00000284.jpg,152.61083201507486,231.10174022805765,356.26384281426334,33.641828133465076,219.22901337746802,159.88759112963166,294.88658825922823,264.20813226871525,plank
476,DATASET/TRAIN/plank/00000130.jpg,177.8256866030566,151.26701988254788,99.78335864056076,71.02281399511837,237.33640717635708,280.33086299263283,323.40973769899483,355.4712071628957,plank
477,DATASET/TRAIN/plank/00000354.jpg,127.9068691373816,199.42690226615954,340.6674142674299,17.978555331686955,287.98554576426807,351.52843406977905,320.24748477637786,16.73347453553095,plank
478,DATASET/TRAIN/plank/00000311.jpg,100.78854974977884,180.9413870136768,185.93676475602464,154.26280829260205,339.9751543305645,150.045437119493,355.51041333646464,337.50540502511404,plank
479,DATASET/TRAIN/plank/00000180.jpg,225.9864437190283,156.61622726146186,260.9934712807268,151.66002917775745,168.05754883074638,191.20854690934743,78.3432334790181,251.06048146302044,plank
480,DATASET/TRAIN/plank/00000235.jpg,169.07006759331193,139.53812701786964,17.050825045569322,5.019016383840962,192.1177417143827,150.4239628550728,345.48300586261973,49.83622298892226,plank
481,DATASET/TRAIN/plank/00000248.jpg,48.30526591751792,84.52469322182742,295.8456561754105,58.75202146830121,1.6837331109534717,79.55623732898971,51.74766298892225,59.8368737739185,plank
482,DATASET/TRAIN/plank/00000209.jpeg,175.88368744526238,176.24228938339397,62.06201020747807,61.647865768660424,190.37210188979148,194.77408273977315,176.1219612656654,180.96647972761215,plank
483,DATASET/TRAIN/plank/00000370.jpg,177.94106924894206,186.83777278320048,334.27249116697163,239.7943485765148,180.28169791916426,144.53227095822388,152.01062531128224,8.265226852282359,plank
484,DATASET/TRAIN/plank/00000237.jpg,231.13394302557805,165.6696770018122,219.63822881190515,196.78206191895242,140.47236197074292,175.4902466540917,112.88313343511173,355.69927220273115,plank
485,DATASET/TRAIN/plank/00000272.jpg,203.9534914005216,204.9594781621313,212.4849794338243,211.0063604244537,34.87934283600065,36.23041308980094,29.897344657875298,30.3946420447887,plank
486,DATASET/TRAIN/plank/00000212.jpg,137.38488514684445,224.66437277772394,191.11316376119004,265.6495875400486,309.16132370273954,75.09065490419631,334.1576993372425,48.112713403071645,plank
487,DATASET/TRAIN/plank/00000151.jpg,167.60151034249444,202.03018322415133,251.06470241262173,262.6204486268596,65.48401637191286,0.7662060898477892,34.70104293325604,43.5011297222612,plank
488,DATASET/TRAIN/plank/00000398.jpg,172.04729326146196,188.48509710513596,15.073764290447215,328.36126073603697,207.16054702878967,191.96130410261736,4.40899008260092,20.414516971315468,plank
489,DATASET/TRAIN/plank/00000230.jpg,194.62161970893743,169.40556454581008,290.51795990716425,122.47432638087679,173.41270512350692,171.65702762511555,171.4129799632717,172.54237529456452,plank
490,DATASET/TRAIN/plank/00000138.jpg,78.4167526815556,96.3788923862492,74.88135012019686,65.17193812565294,186.33510276322733,190.25950246788196,186.65960921803133,183.0222167398458,plank
491,DATASET/TRAIN/plank/00000415.jpg,178.40159283658775,180.12504872726845,61.36601177780721,59.14130383808834,193.5747923467139,193.45923336073395,185.5407571672836,184.0517515806747,plank
492,DATASET/TRAIN/plank/00000192.jpg,90.9789960959664,103.60517429231336,85.6210987874024,82.55393462707086,176.97040178732593,174.09027653557135,184.84257311299024,181.9674309775683,plank
493,DATASET/TRAIN/plank/00000261.jpg,197.3769011527479,195.03306977669115,85.98334491990576,86.30637299371715,170.49854119105444,171.5132854526514,204.04299185322097,204.25510348925607,plank
494,DATASET/TRAIN/plank/00000288.jpg,171.92319669981518,169.29638491269927,75.56453258873806,73.14541066231969,189.6351827955523,192.46284208067846,207.62097408787238,205.43637572289816,plank
495,DATASET/TRAIN/plank/00000323.jpg,187.6456398977436,186.5590534657748,267.09183767805825,103.51915275390343,35.90264622874096,189.96667664569352,127.48739020605058,222.73432210212462,plank
496,DATASET/TRAIN/plank/00000196.jpg,164.58252710844818,165.59898742777332,74.91153020474388,76.48774723275626,181.33313083981386,185.71668543846044,195.57306427645815,198.05370472127876,plank
497,DATASET/TRAIN/plank/00000201.jpg,175.789099813084,172.1498886237402,256.69732396486575,101.69340352755546,183.2059964849145,190.48461273440134,66.94552064541182,253.9521175414715,plank
498,DATASET/TRAIN/plank/00000287.jpg,162.33536109348051,171.86890750187732,60.79319057946573,73.22504550702494,197.82636396446014,209.01759300716705,119.8214064967535,233.8132065968763,plank
499,DATASET/TRAIN/plank/00000154.jpg,187.98308038640914,188.2418714831181,237.4755542996964,111.80179484788133,184.11746745161923,152.97566356321184,122.23977893089436,135.84545933392963,plank
500,DATASET/TRAIN/plank/00000281.jpg,166.54754547031433,236.1438861486574,68.6732298062879,175.0113842302227,180.4130830712682,188.3896410213305,26.55649963998114,357.15285462394013,plank
501,DATASET/TRAIN/plank/00000300.jpg,179.4667887854851,181.6603727944901,251.61551402211222,251.79935490102326,171.7582164860247,167.98242087278322,103.25750066616486,100.66373415379607,plank
502,DATASET/TRAIN/plank/00000342.jpg,189.7582928371374,192.86710927692968,298.09528108347956,300.2643862993875,172.73311269143858,179.4713792210003,174.054557778583,171.78240001488325,plank
503,DATASET/TRAIN/plank/00000132.jpg,187.35954142347765,218.53875639210716,173.83232276406068,48.34509312776304,179.7311764671237,191.41226453273148,145.18330367937793,314.838247943812,plank
504,DATASET/TRAIN/plank/00000331.jpg,222.30745385844202,300.79803692715984,302.32734871292547,75.40768808099685,163.6353495598511,188.15368562563637,142.54045563426524,207.19330201763688,plank
505,DATASET/TRAIN/plank/00000167.jpg,194.40469781280825,214.07067546299464,278.2885234082052,306.6197759195177,148.2225016803932,291.5128224737497,113.96405959681655,217.99767027844152,plank
506,DATASET/TRAIN/plank/00000267.png,196.58063205610807,181.41750408452617,230.73981056425492,273.5035634810103,48.42011978844478,93.69743905198844,92.13620622689012,321.5356069917624,plank
507,DATASET/TRAIN/plank/00000221.jpg,179.61204207445164,17.108798433670028,233.21665752022423,89.9694797588999,261.3953737660858,275.7430637618024,32.89534966231537,117.34602723628475,plank
508,DATASET/TRAIN/plank/00000373.jpg,105.94144076347911,87.13688357693323,337.88846060398606,275.1109581772113,277.14175677561775,246.64089173591879,342.6654336136128,237.73159110813702,plank
509,DATASET/TRAIN/plank/00000153.jpg,194.6391289734543,203.31220034212706,2.566581937976517,19.569227694533783,88.58245610234161,172.1639085923949,344.17781888197374,335.02941116485863,plank
510,DATASET/TRAIN/plank/00000183.jpg,78.32202710231792,32.1650599436082,45.26152997060385,87.51459081207706,145.3674413883332,187.5690855646852,173.64131849426187,200.25475809772547,plank
511,DATASET/TRAIN/plank/00000250.jpg,217.75908567906623,165.37934645118207,181.3196258944259,154.92436941375738,222.74451373591728,173.58262699466647,11.415538593228426,359.44713806885096,plank
512,DATASET/TRAIN/plank/00000318.jpg,194.56297357459155,185.90150339356722,161.3556894892273,157.6837255069167,184.48905995096115,189.9926696795353,358.126882296983,4.724797893634619,plank
513,DATASET/TRAIN/plank/00000150.jpg,173.8686770009058,25.421723248539042,178.25507363714223,103.52480300280483,205.61955664714904,135.6010870406559,354.6236096841064,4.955134391788351,plank
514,DATASET/TRAIN/plank/00000430.jpg,162.41055207550033,172.79015187261479,155.2487716590921,170.4353403844243,226.10097276017206,134.75726308909213,6.736178769467996,355.9900821357764,plank
515,DATASET/TRAIN/plank/00000210.jpg,71.35940068587426,77.96587708057918,351.3066480559543,1.9263848576637792,213.3935304285532,220.89485304229814,211.99989898077018,213.23720283091984,plank
516,DATASET/TRAIN/plank/00000265.jpg,175.60443367331055,226.51138539037075,89.89254740758908,139.08956238621067,198.84836422723058,184.01243018981475,235.5089401190099,242.38806272125316,plank
517,DATASET/TRAIN/plank/00000277.jpg,175.0251463323908,177.4576190388792,68.27169344959124,63.90840853214227,181.8939080616555,180.97599014293323,206.63687103508278,202.9470427829554,plank
518,DATASET/TRAIN/plank/00000215.jpg,216.3306063861693,154.78990464317155,324.57687432535096,140.50675724173172,229.05195106907988,248.7600861158541,11.680705993574138,94.80008455499893,plank
519,DATASET/TRAIN/plank/00000186.jpg,213.2765656086192,241.43430316859138,268.77333257097206,31.628473644336733,217.38796543276547,239.6300921847323,163.7660436845696,200.6136675229349,plank
520,DATASET/TRAIN/plank/00000238.png,187.26290855333124,165.6391486660133,233.91230575909574,77.04928258180945,184.47960889832626,183.0931358116029,189.44349603320097,199.2010072394083,plank
521,DATASET/TRAIN/plank/00000420.jpg,175.57571493463297,106.44159738303001,61.03968677629873,64.10500494067901,181.8994271981829,211.51895809748908,61.693473438323764,218.52713239180093,plank
522,DATASET/TRAIN/plank/00000283.jpg,314.18987216637913,186.14427804480627,242.7602647416744,30.4056601188746,7.123128213188946,139.71019067844858,246.36286997931057,118.39771524066859,plank
523,DATASET/TRAIN/plank/00000389.jpg,74.34724912001866,201.3633617070151,5.117589294591748,77.22817348701945,167.83797214084842,196.29404685976138,166.28834588636153,178.07319261249845,plank
524,DATASET/TRAIN/plank/00000397.jpg,142.98048540405443,191.35422505178502,29.47425449871507,26.369067929616275,204.58987576533676,176.7187481279533,330.38623963315905,283.4274250514959,plank
525,DATASET/TRAIN/plank/00000204.png,211.59733327887645,278.42439095521115,38.1958421812885,9.573562909388855,233.66907566860337,252.12547448204626,299.3867592652593,300.68356145492265,plank
526,DATASET/TRAIN/plank/00000197.jpg,182.81804324082876,25.06761665538944,203.24090179073826,351.55458861805573,178.6530427892181,160.27324296900372,175.62741550415217,205.05708939225028,plank
527,DATASET/TRAIN/plank/00000402.jpg,129.68653314143074,165.1638039048468,29.650067709030214,107.23997467682051,196.7625188585952,181.4968844536879,185.26256505365038,205.67522229282721,plank
528,DATASET/TRAIN/plank/00000185.jpg,170.80076050830095,165.07355435862553,59.088991425879826,51.71269901036413,175.67916925658324,177.9897632625865,182.0214478369246,176.37118968062435,plank
529,DATASET/TRAIN/plank/00000172.jpg,198.1062290591213,62.75117032641145,66.17227264136658,2.3802459355702674,148.70854165100266,131.64497463500174,181.98079957348398,179.7561210301955,plank
530,DATASET/TRAIN/plank/00000330.png,202.82428620680176,345.5851743530703,269.642784919153,73.06202963969844,158.40111307377038,150.3967592197881,267.8655434696187,292.5557272542229,plank
531,DATASET/TRAIN/plank/00000193.jpg,87.11440373120891,341.42692837723916,12.708067580809603,78.6250483012049,223.62076955905565,209.33757960326562,349.6254161999126,17.697474494248173,plank
532,DATASET/TRAIN/plank/00000384.jpg,168.99821723362743,168.59338301907204,49.30430411080968,59.61235806290185,333.8456450600874,322.05944520287414,339.366894388094,325.0718113783773,plank
533,DATASET/TRAIN/plank/00000273.jpg,192.00328633795135,170.23032513307783,236.1291705061386,61.229441733401316,163.78319925062098,196.1390496592711,189.22426383859448,195.01221484784526,plank
534,DATASET/TRAIN/plank/00000244.jpg,355.383746864042,199.97813891089564,322.23292803305753,37.99529538335948,195.6965413631515,211.09927967319769,219.4567340465835,226.55240039067087,plank
535,DATASET/TRAIN/plank/00000304.jpg,168.90321591915733,151.76663282386406,54.03425418438827,63.74168242565187,145.3462598474412,291.5101642225826,353.1889409738609,161.07661145677466,plank
536,DATASET/TRAIN/plank/00000297.jpg,153.27282502101852,202.34545948684308,41.13898058059362,54.63761231213155,177.883215479565,182.93418075799525,198.15253112522197,214.86726659336617,plank
537,DATASET/TRAIN/plank/00000195.jpg,36.986407700241536,238.50550459802307,1.3366345608684183,350.3968473356706,156.80919466394627,182.37037501382406,168.79565265140985,237.19007271145364,plank
538,DATASET/TRAIN/plank/00000418.jpg,77.97055271594563,82.20431295185077,82.03182652925027,87.10671262956083,205.29147401171505,176.0249604919456,205.20023988519233,201.11728857542207,plank
539,DATASET/TRAIN/plank/00000258.jpg,189.21911970747138,197.5633209455683,248.52101547689148,126.09220041351881,229.11279929784664,249.16902619003594,295.60751276506625,33.56537755779825,plank
540,DATASET/TRAIN/plank/00000179.png,149.47029439760476,185.72394608988338,191.69744319208712,175.4047992536567,359.6869150018201,15.829962731241382,154.0168182559739,180.97490532115214,plank
541,DATASET/TRAIN/plank/00000317.jpg,265.7160047672853,203.0318873244026,234.64991955069718,208.7169554456757,209.91141225228057,283.5059187183399,4.533598459591079,104.22973066956015,plank
542,DATASET/TRAIN/plank/00000327.jpg,237.04292550282273,56.59611340155357,216.6797950414363,101.56181021526305,276.6297085674354,148.0841837289014,56.65923339511572,9.209619477716641,plank
543,DATASET/TRAIN/plank/00000328.jpg,297.53439479846685,284.09998306280306,319.2614069510338,341.16502723419586,343.59898572152673,251.10695392450498,359.040162862557,203.49263244526725,plank
544,DATASET/TRAIN/plank/00000417.jpg,193.05285058037515,193.71557129850657,294.18884577038943,294.35226862242314,186.97327712278627,184.72988207490155,169.80720490507517,170.04577672573438,plank
545,DATASET/TRAIN/plank/00000359.JPG,182.07064946067348,355.80301797766685,294.86859150574526,93.29806728645173,250.55444401693734,179.32279290942182,165.36253656222576,168.5530991186738,plank
546,DATASET/TRAIN/plank/00000157.jpg,128.17923899781317,177.51811047226008,79.87168774139774,190.95140159055518,170.50667426199422,213.80826350350677,250.89094484010667,7.752224200443286,plank
547,DATASET/TRAIN/plank/00000325.jpg,186.27284458895326,175.03924497729125,232.5847636649629,66.32363920929303,187.81684150461163,178.40282910273254,184.71273331251135,188.29416839578747,plank
548,DATASET/TRAIN/plank/00000434.jpg,194.9338237833948,180.17845230593983,282.66296763930006,302.2608648099734,105.36382316134616,134.36651635961127,25.96231991050357,88.5198508717856,plank
549,DATASET/TRAIN/plank/00000350.jpg,26.754648053094726,159.30077546023998,66.73830260671276,244.5190907534091,81.00402814323547,203.3156579095163,312.0441561870788,262.41759331975305,plank
550,DATASET/TRAIN/plank/00000217.jpg,183.7289065134647,183.48960427248036,297.84438276289245,293.96516106244417,173.77623576868396,179.25714277447852,168.30688381363913,170.1259296280126,plank
551,DATASET/TRAIN/plank/00000403.jpg,182.18784146786908,178.6227835159023,293.11110492965753,135.8094704479168,183.5262091104968,179.95237617276197,165.55560680546665,174.09766349260386,plank
552,DATASET/TRAIN/plank/00000278.jpg,171.4551301865063,174.3225991486885,72.02036399193256,76.73537356752833,167.02798498200707,168.94524268673842,197.8021164381472,201.32263150482075,plank
553,DATASET/TRAIN/plank/00000140.jpg,186.28770738186262,179.07224349968413,81.36180213999639,83.00433948822919,184.32818836399434,155.4097102296708,254.3091998695604,271.7245856553294,plank
554,DATASET/TRAIN/plank/00000344.jpg,339.73743968629134,167.63368409585317,243.90966960079052,37.14388753318018,10.258776556611107,5.2078892725783,16.281131582641294,54.75493033270358,plank
555,DATASET/TRAIN/plank/00000135.jpg,169.8394330292911,180.35451315227635,181.97808925939736,62.149591250845766,341.1663013345745,102.66837562603081,166.5129538464302,10.370823512060106,plank
556,DATASET/TRAIN/plank/00000368.jpg,182.6799676429817,167.08386324339864,289.68726153576114,88.53613010987827,157.94330448737244,230.77684547555788,351.31205858501687,359.5574735918466,plank
557,DATASET/TRAIN/plank/00000412.jpg,75.38321727081059,87.76030612948911,64.97355665441358,75.82729545921177,182.2103609506387,182.5329731948967,184.44600265090617,182.42818880904565,plank
558,DATASET/TRAIN/plank/00000429.jpg,102.47120424796175,237.53760879174453,102.4828170696188,96.003561643235,165.9529285495175,177.3660554721678,187.42845805508117,198.0067294818713,plank
559,DATASET/TRAIN/plank/00000149.jpg,124.02476055839104,191.60476833177415,43.39723248971063,147.77773691524442,326.70817779258454,205.62339889946762,69.55774943428038,347.40174566783253,plank
560,DATASET/TRAIN/plank/00000129.jpg,156.4310629396425,177.1718575199281,238.0089710463439,251.5282218833579,231.83102787515287,230.07381819690542,185.012358320865,189.7671314699992,plank
561,DATASET/TRAIN/plank/00000396.jpg,142.9924500042591,280.6058510168907,24.30755952121067,80.40511873825238,316.63534238441895,324.4446192591251,342.59873139260793,338.3344801419081,plank
562,DATASET/TRAIN/plank/00000206.jpg,212.93054504467756,177.0528215216524,70.68989177335115,69.10643528534443,267.9058168266048,242.8454075557143,288.7963374826681,253.75319128382745,plank
563,DATASET/TRAIN/plank/00000316.jpg,179.240023208497,172.51595689013993,88.30163611762913,95.3810355726057,138.0241066662959,186.5207937414413,220.15270434725755,263.18229923899463,plank
564,DATASET/TRAIN/plank/00000324.jpg,182.4589719538003,187.05390071660383,185.84648641915578,181.17570589015529,48.55121441599131,139.94718487829732,162.4637482102661,171.65563459345748,plank
565,DATASET/TRAIN/plank/00000372.JPG,180.93651078331627,352.9084488342289,293.1265899262141,79.42781856543606,188.1467517803629,247.23267949056924,178.55108412268174,172.27414126104765,plank
566,DATASET/TRAIN/plank/00000413.jpg,213.3490257479124,226.72391923938997,274.3200390152391,325.9176401875802,162.31198673879854,159.33521174733812,163.1131740901756,166.47337330220086,plank
567,DATASET/TRAIN/plank/00000187.png,181.2182857916748,186.83372967470922,256.9775224041791,66.65051516096943,170.04930904425365,140.66520536255936,106.74146166287493,239.46372180484633,plank
568,DATASET/TRAIN/plank/00000341.jpg,262.55577312360913,283.9267527869064,265.0654821693105,276.92603804232766,150.08452360515946,149.035277171073,156.82476862528026,161.02238472923807,plank
569,DATASET/TRAIN/plank/00000146.png,214.44083161161834,215.85830770265562,290.69739995681067,284.35081487486366,166.36658738448952,162.1400494359138,137.5187021988812,136.07721603992388,plank
570,DATASET/TRAIN/plank/00000302.jpg,175.57790076045282,231.12071325553973,216.79895195596308,356.60322070551524,164.5701150190347,132.1999291629759,2.479832197506996,334.3419814302907,plank
571,DATASET/TRAIN/plank/00000232.jpg,154.0492712342798,227.62382370803462,345.04784263422795,27.516753037991236,147.94852081420333,216.2763328698788,161.39744159052339,205.41260933461254,plank
572,DATASET/TRAIN/plank/00000375.jpg,248.93350755774816,256.63763926451225,332.84498375689805,346.96512154805225,177.58522270246024,165.35947647564208,9.153048080670528,16.681058824382283,plank
573,DATASET/TRAIN/plank/00000194.png,192.76271483274928,176.50230265065954,213.42894194003998,204.892440601313,208.80423805416177,158.0182264701593,27.452514345876295,24.912745848297277,plank
574,DATASET/TRAIN/plank/00000355.jpg,192.55147288795746,172.36492791364302,325.8320958764314,228.21607795829874,218.28354254630375,172.8111699022541,63.24885720622575,35.30670665386242,plank
575,DATASET/TRAIN/plank/00000371.jpg,203.86169772666878,182.27665239259193,294.692745153523,119.1658895012678,129.91249269487227,181.73755633145535,100.72602400326468,140.07500528376409,plank
576,DATASET/TRAIN/plank/00000356.jpg,137.57647713748307,88.52885209299116,224.574872735583,207.64985633257402,165.086494497029,170.8113193247603,63.38146802500813,115.14862408014159,plank
577,DATASET/TRAIN/plank/00000378.jpg,130.03751497503666,189.79165055787442,345.47986080513584,3.0151638542830335,186.57682455047606,200.27129259508484,187.3868817843982,204.72180386623472,plank
578,DATASET/TRAIN/plank/00000255.jpg,180.0804085208373,45.75133781495867,208.84417342219606,209.1293442257653,162.4518905057647,231.02632910113843,10.169362424751577,159.8942095606433,plank
579,DATASET/TRAIN/plank/00000319.jpg,331.2816138852181,161.22342312048715,214.0187788844567,174.37568363430972,175.24899154756662,193.39538084677395,72.2684572934261,282.2630213679206,plank
580,DATASET/TRAIN/plank/00000184.jpg,176.302634963257,177.15456715741286,71.22802102678183,71.9413827243296,172.9253264594413,172.93644967649513,204.3031652089131,204.61400689958342,plank
581,DATASET/TRAIN/plank/00000249.jpg,171.41928506792482,173.35998798693967,65.7915293807562,66.29554250121558,176.91165765503519,179.22836097058033,179.22788399372453,180.6177763502803,plank
582,DATASET/TRAIN/plank/00000289.jpg,161.22569141549153,161.36081272539744,56.80159227839877,55.814804371222706,184.9631012631882,183.89424270173092,178.60132718078904,179.01088365108492,plank
583,DATASET/TRAIN/plank/00000333.jpg,160.95027804310968,157.66864516495187,150.5477404796332,202.74560351395573,178.3618225901011,109.87629522541768,32.37397531731837,101.71251706159936,plank
584,DATASET/TRAIN/plank/00000136.png,267.09283169723136,274.87412614341673,279.8523407490411,278.2611390799649,177.137337639004,180.30652594311346,173.398107546761,176.05347926700102,plank
585,DATASET/TRAIN/plank/00000162.jpg,190.59250390939,186.6373123700535,282.30758022484434,97.54615515467565,171.6600634641988,178.95972199352073,164.29696732528248,177.06905026860372,plank
586,DATASET/TRAIN/plank/00000440.jpg,208.59844334016717,236.47134532469423,315.39594197449685,33.44887770426597,178.9813541114387,174.4969868843076,185.27508427336727,187.09202967263792,plank
587,DATASET/TRAIN/plank/00000295.jpg,181.25972068502614,182.45035612322033,306.382144289541,298.12249717597484,177.11373886126066,178.05389854702594,177.61087715324973,170.4371402674684,plank
588,DATASET/TRAIN/plank/00000214.jpg,208.94265123589417,310.91089816726435,197.77944450337856,302.28921439489375,157.24700006642547,203.11397123749416,281.0451497569564,313.92719954924,plank
589,DATASET/TRAIN/plank/00000361.jpg,182.0398290166789,179.7697342450482,273.40596122694933,130.91102677809033,180.16737156724423,177.88056286481543,135.76600276773635,164.61963703416333,plank
590,DATASET/TRAIN/plank/00000234.jpg,212.0063706441488,171.5867796312903,270.6120081921487,146.41597056836792,202.64985133109846,131.14228801570215,153.87928704602828,104.18383020874901,plank
591,DATASET/TRAIN/warrior2/00000190.jpg,226.2570242220177,264.7086518541225,308.55901880976256,12.969833682999427,215.60755255618304,186.03183384820534,148.46221519866236,177.93958810227602,warrior2
592,DATASET/TRAIN/warrior2/00000174.jpg,183.06315532941275,242.83980034895822,264.5409297843688,23.381106380278407,121.81370018836115,143.07164467224683,114.08825032436755,200.1735219949988,warrior2
593,DATASET/TRAIN/warrior2/00000348.jpg,183.24166355660114,187.385133210154,262.77321009900857,108.1613667245577,118.04731694162786,178.50265837603288,105.15640248076099,234.89991414727808,warrior2
594,DATASET/TRAIN/warrior2/00000431.jpg,192.93576540592966,155.92105421609375,276.3806287215639,87.98394240112822,124.70557977674324,179.4309690371368,117.16594906335163,214.39651412341993,warrior2
595,DATASET/TRAIN/warrior2/00000358.jpg,182.10964655221534,174.93504710475386,263.4515165628951,103.63171091826767,171.9129662495311,244.58289968683104,111.41566895237986,264.70820955525556,warrior2
596,DATASET/TRAIN/warrior2/00000158.jpg,181.65528726779488,218.30247782870345,283.24748110805143,112.92901522202773,183.59397851316564,227.7151659396492,136.70988935582335,236.11745628827796,warrior2
597,DATASET/TRAIN/warrior2/00000401.jpg,189.358955012643,178.54287785330317,271.84936371430763,91.25514568899406,139.8575717016594,177.11435690196097,125.04231718139215,234.4504504519494,warrior2
598,DATASET/TRAIN/warrior2/00000204.jpg,188.73845324869066,178.25647289638184,266.52340027676985,98.86777329302677,184.59533726503213,255.65489667893968,141.28576971950852,260.83976568440386,warrior2
599,DATASET/TRAIN/warrior2/00000198.jpg,170.90074953981713,174.5388831722648,165.62980264745534,170.97818836683425,187.3337243097536,234.25302358322375,152.25061909813138,234.22636419536343,warrior2
600,DATASET/TRAIN/warrior2/00000219.jpg,14.83147351133988,180.7666534847296,94.72380261924583,83.53234479660962,147.43003692327576,179.24634069736484,121.4621510169975,220.70845890358743,warrior2
601,DATASET/TRAIN/warrior2/00000366.jpg,175.72026579435123,175.853421362749,228.94281277313755,103.45525168031452,150.74820339372815,149.1433221674542,112.08455947225917,234.73456088266727,warrior2
602,DATASET/TRAIN/warrior2/00000385.jpg,19.36587285822099,149.73662718399143,325.5655429895852,81.81871606266918,94.21705358242507,306.36168495716004,84.44667070447642,282.78943255053645,warrior2
603,DATASET/TRAIN/warrior2/00000287.png,121.6971417144943,152.62131279597244,83.06535370843997,89.14326734445042,190.61223998969052,133.37053672758083,213.40130512988327,130.6339361090478,warrior2
604,DATASET/TRAIN/warrior2/00000195.jpeg,172.3617535799542,192.38998611733038,257.42552291334044,97.87699673269066,111.26209701720248,174.28778715215938,114.91650923907653,218.39714097651347,warrior2
605,DATASET/TRAIN/warrior2/00000126.jpg,183.54856658911808,179.11174292002067,247.23409692819573,101.8112260516089,114.05650159072412,181.4883402196909,96.58965885544706,236.20877647438988,warrior2
606,DATASET/TRAIN/warrior2/00000208.jpg,193.5594192345544,175.91061069086993,247.98408242446018,110.717951161414,159.4522101542921,207.58166265602554,126.60840282978032,210.2620754007214,warrior2
607,DATASET/TRAIN/warrior2/00000381.jpg,177.73387056890945,165.01838564478854,307.8070670940701,12.937850557847861,173.78338841495392,216.1328954526843,163.7825536981808,165.37547804122278,warrior2
608,DATASET/TRAIN/warrior2/00000202.jpg,176.12391975024534,216.58630226729952,336.8640238051271,358.79280500125066,156.6748774317609,158.43044844184868,152.00038637669627,164.907225128191,warrior2
609,DATASET/TRAIN/warrior2/00000223.jpg,25.609749698747123,299.3769904887452,38.400390703149746,285.1213921148119,23.060241093708157,42.814744952179566,49.33829033890554,26.612129004851436,warrior2
610,DATASET/TRAIN/warrior2/00000394.jpg,157.27521957839858,198.78248182771043,45.18423794797694,239.20854489321107,236.84575863781106,65.7560151724041,287.6392986709203,14.60269650408276,warrior2
611,DATASET/TRAIN/warrior2/00000290.jpg,135.0196218437778,156.9804081189646,48.318616748403755,24.917345969623735,112.50338011678497,200.43020731018822,105.5466899401168,190.46618910874218,warrior2
612,DATASET/TRAIN/warrior2/00000231.jpg,206.41776911666125,143.46588687859585,171.7624632614068,69.15969922413436,112.55804611567275,166.8175168012733,102.11703358747053,209.339396967253,warrior2
613,DATASET/TRAIN/warrior2/00000279.jpg,266.027339358645,21.3770779068211,224.3028250803775,254.92644729675476,202.29291581778193,83.70095866135762,26.2009087701978,324.8910387831697,warrior2
614,DATASET/TRAIN/warrior2/00000376.jpg,286.6007388052532,141.22932743467803,295.3231820429236,86.6553323298354,308.04626563477206,285.1810169273625,334.49902316978677,319.9123905452325,warrior2
615,DATASET/TRAIN/warrior2/00000264.jpg,179.73032818667033,125.89679767492382,324.39812713912454,116.83827967271756,235.20941751074588,211.18337660195704,62.02629108855641,96.02510729463647,warrior2
616,DATASET/TRAIN/warrior2/00000426.jpg,246.3188807449476,207.16475522168471,228.1459027347313,238.57453074923743,191.53934128282103,172.49678389378587,16.134570581638002,4.879721243823681,warrior2
617,DATASET/TRAIN/warrior2/00000310.jpg,18.65217474805633,327.9455379140158,306.53483313636315,43.457438720129694,160.9673899704338,193.3673642604311,168.2967126792826,207.38772186734616,warrior2
618,DATASET/TRAIN/warrior2/00000139.jpg,307.38910294110946,299.27842335571097,282.517376202332,352.054716254027,321.351248689372,302.3805409936542,353.188636190383,338.544531035093,warrior2
619,DATASET/TRAIN/warrior2/00000296.jpg,7.935138512234255,327.99374861554656,317.08350705751855,12.849434462428075,145.6037272268554,235.724343917074,165.2168510157743,222.28762041711644,warrior2
620,DATASET/TRAIN/warrior2/00000240.jpg,275.01769396840984,189.37248464893187,277.43621393034067,272.06773323704374,199.31571641400163,146.04473950759836,347.4404194229387,326.55567702121687,warrior2
621,DATASET/TRAIN/warrior2/00000173.jpg,202.79998426625613,204.8559239883544,294.4615965561121,21.34523082036785,150.12162508873806,205.45557859275135,173.36783726656822,214.62447543566648,warrior2
622,DATASET/TRAIN/warrior2/00000335.jpg,151.00181541795678,164.38731925687148,0.23100305298706905,9.519860628397684,231.39634800242737,221.8321153073712,309.3101195725961,266.5140614378688,warrior2
623,DATASET/TRAIN/warrior2/00000125.jpg,168.97787979567238,178.58182950346531,72.46439162090216,287.8486766053633,256.4941809106315,191.32326314571256,276.1479800345189,147.86272064689678,warrior2
624,DATASET/TRAIN/warrior2/00000216.jpg,81.89875940019543,292.37722808583237,54.767734042854904,341.600501866663,192.3634002580535,75.54472725525935,223.51950150737477,66.70422937531595,warrior2
625,DATASET/TRAIN/warrior2/00000187.jpg,165.82517809561915,99.4841441276798,87.75524304985791,55.7212320722796,294.8698780001527,56.397152463182664,324.07042355212224,44.045452240378424,warrior2
626,DATASET/TRAIN/warrior2/00000134.jpg,190.4637913058519,68.45148631721409,344.1847160646576,29.945392628799777,146.2322765527634,292.5881276545573,134.0390407639588,293.11747492087244,warrior2
627,DATASET/TRAIN/warrior2/00000390.jpg,83.21993786764442,143.7527219878827,45.043531936804115,30.521669346353555,197.53262531841088,98.65364220269312,225.29900051286103,63.01716061876629,warrior2
628,DATASET/TRAIN/warrior2/00000410.jpg,168.73415608099793,263.89447053547326,158.77934416497942,164.27244553895028,160.57278669329858,25.481421534665223,304.03064671852064,7.111438542390182,warrior2
629,DATASET/TRAIN/warrior2/00000421.jpg,164.43195367930818,138.0685833970587,149.89500353924515,30.756324370170297,121.47752941110728,232.1464158848323,130.05136304902845,223.7653484964116,warrior2
630,DATASET/TRAIN/warrior2/00000414.jpg,220.54705810092412,154.52457339476584,149.30914120708562,253.6748331766612,206.18846747402637,219.0259813789158,269.04130926204334,220.41629022409123,warrior2
631,DATASET/TRAIN/warrior2/00000200.jpg,198.5906902375397,186.3874856957551,196.2702062947636,29.531937896203093,73.83056795618405,183.20123527974886,108.54437108477569,247.9284065807522,warrior2
632,DATASET/TRAIN/warrior2/00000347.jpg,137.99913100494413,171.80831108222418,76.74997065455734,84.13829710213112,197.49192893717142,141.42764885050218,247.81063736669392,146.0888745269228,warrior2
633,DATASET/TRAIN/warrior2/00000228.jpg,192.19623989815577,179.34543691185522,263.71217040359625,86.21498601348556,125.68585010703174,176.7335875040365,128.46735263630458,222.829726446067,warrior2
634,DATASET/TRAIN/warrior2/00000259.jpg,200.73699743025847,172.95369149618054,289.87869425261675,91.99030004718124,181.55582404298394,225.53127605753167,151.1012845239495,234.51160945321664,warrior2
635,DATASET/TRAIN/warrior2/00000260.jpg,182.71128032470685,184.53934701689533,183.69249536206752,183.7516541177184,126.85778832746178,175.57554874418085,120.36603151427514,221.7221525016602,warrior2
636,DATASET/TRAIN/warrior2/00000339.jpg,199.83885851661083,88.35577486700912,253.0702631944546,42.592157450603786,105.96322597259153,16.68911318974555,107.40378336848127,6.818494893201387,warrior2
637,DATASET/TRAIN/warrior2/00000332.jpg,187.07317535791,190.1115342881146,191.83489995588826,185.6716157216506,135.43313434931272,176.6434896390059,129.31830248141068,209.1127766726434,warrior2
638,DATASET/TRAIN/warrior2/00000281.PNG,192.331937043418,195.78472283409675,175.26214129912108,169.4449402076926,77.06676914941013,161.64912307084285,87.46436514605541,236.71693247274328,warrior2
639,DATASET/TRAIN/warrior2/00000416.png,181.74007470679396,175.84533825131967,256.99687073525416,92.56224318951344,112.37090116589448,167.21571022989343,93.10141683770439,219.4566508143613,warrior2
640,DATASET/TRAIN/warrior2/00000179.jpg,327.8793452864185,134.21390426561985,296.2412492863989,351.8389339983082,38.524751438739564,64.98972895305708,29.299581346585942,27.688545547740922,warrior2
641,DATASET/TRAIN/warrior2/00000136.jpg,200.096010645041,18.695359099404115,278.00104687255356,54.96342652199538,189.49520275682892,202.73413254776935,228.77130425397368,208.93101213786235,warrior2
642,DATASET/TRAIN/warrior2/00000269.jpg,98.04094326805124,352.09036823906433,335.3124613355304,35.51157171827078,163.84486089949183,187.4491382837571,171.2820660529857,192.62929776590948,warrior2
643,DATASET/TRAIN/warrior2/00000182.jpg,204.22236841699421,198.5465787523931,358.7268875814471,345.9519054904545,75.58626935572545,215.45371190026574,111.33153671158922,247.2371019464382,warrior2
644,DATASET/TRAIN/warrior2/00000266.jpg,231.34357790783181,145.3483363516842,323.3606024015225,90.38547633894352,170.6831982579037,210.94561537747984,157.696930920989,225.90668894388995,warrior2
645,DATASET/TRAIN/warrior2/00000374.jpg,179.0294953917601,189.37521209515273,187.2891383221798,185.6863079786204,72.59859175153139,141.31350054602945,83.291374361309,222.6340227034693,warrior2
646,DATASET/TRAIN/warrior2/00000203.jpg,187.861632880974,173.1010932953378,254.35194664400927,106.01844435760303,92.67611460554686,174.3027434870414,89.73245140663403,219.78977103090068,warrior2
647,DATASET/TRAIN/warrior2/00000207.jpeg,172.3617535799542,192.38998611733038,257.42552291334044,97.87699673269066,111.26209701720248,174.28778715215938,114.91650923907653,218.39714097651347,warrior2
648,DATASET/TRAIN/warrior2/00000436.jpg,106.83631247851588,206.7683290232834,139.34606671648055,177.90920769408905,150.61098887455702,164.61111691581988,119.10739902056852,144.12540155524334,warrior2
649,DATASET/TRAIN/warrior2/00000419.jpg,176.00452000194548,200.12042041727696,255.89698869029377,102.88819814995365,176.22506044797075,251.6800754301017,123.8411628849781,259.6448987348129,warrior2
650,DATASET/TRAIN/warrior2/00000257.jpg,160.43846980341243,211.1000774848168,67.77897776457182,266.39814286773344,258.7236273990152,137.3333847014809,259.2867538835998,65.40147394729026,warrior2
651,DATASET/TRAIN/warrior2/00000312.jpg,189.84154067096495,170.93069224080932,243.83575916281188,92.89615722085964,118.79013656471493,183.70779340611227,93.00117218140895,232.9697123318823,warrior2
652,DATASET/TRAIN/warrior2/00000345.jpg,153.6203955348726,291.2310080272669,219.3794251158476,8.91284822631749,70.54720980492004,210.31325059447755,72.3978278597542,285.30032451133127,warrior2
653,DATASET/TRAIN/warrior2/00000294.jpg,175.2776376897812,184.1354008109683,180.6756474061503,184.66286102552175,126.96147566252597,189.17249750578398,119.94896562274363,226.46972646157826,warrior2
654,DATASET/TRAIN/warrior2/00000189.jpg,192.59774661552757,196.5950482985533,184.36260820015863,181.5177861509471,99.04105051347332,211.27770143015715,92.54877807948205,248.49761789168303,warrior2
655,DATASET/TRAIN/warrior2/00000218.jpg,302.28008139749585,194.81463287941665,331.2347374024537,106.18049402890502,149.24248091217314,319.8926881854251,143.31925946769144,311.8857473047009,warrior2
656,DATASET/TRAIN/warrior2/00000365.jpg,183.82656749942456,217.62774606406754,184.36019152174322,196.74865937063456,156.44348200193986,246.95291105519686,119.62193055890401,260.559209800419,warrior2
657,DATASET/TRAIN/warrior2/00000225.jpg,237.65306420476173,225.68923834329382,266.71433667874055,272.58330459559016,11.119796580817887,201.02329224541154,327.0604668123825,145.64362467827735,warrior2
658,DATASET/TRAIN/warrior2/00000165.jpg,188.2921668827467,167.28245546924043,262.78587262350527,99.27025786091515,105.76668587295165,176.52298840656596,99.71931455225331,232.41136800425477,warrior2
659,DATASET/TRAIN/warrior2/00000314.jpg,238.44179829990438,179.13836490571424,99.54059178779904,253.1743882678859,188.91026408666622,228.54679675714735,258.62245243845035,169.1604555147389,warrior2
660,DATASET/TRAIN/warrior2/00000336.jpg,208.71333515973106,185.25280028670042,266.62288424149614,99.919944973172,138.32447056944017,183.22080342449087,128.3410590776383,215.16771763926778,warrior2
661,DATASET/TRAIN/warrior2/00000301.jpg,122.7852964853947,216.4889558238347,214.09817518911373,237.49895614845332,110.62501883682476,192.37911787669572,319.0842758966705,85.92187871401248,warrior2
662,DATASET/TRAIN/warrior2/00000274.jpg,203.57928771260237,154.31210159136023,277.0304440458785,102.4354763167511,222.5485579196152,207.64789675295802,192.87689916892913,228.50534343888106,warrior2
663,DATASET/TRAIN/warrior2/00000156.jpg,187.27577406321103,177.06301242902853,266.63473558989597,109.5104745260294,190.01396219260073,259.137200371371,140.40428485032578,258.19387341223296,warrior2
664,DATASET/TRAIN/warrior2/00000233.jpg,184.8316711925589,193.66856737891453,250.3646112477537,92.4331961726983,128.0391805083575,186.94742412162788,106.49451902283914,216.47879015365675,warrior2
665,DATASET/TRAIN/warrior2/00000168.jpg,187.499579216165,174.13231331468901,264.18972017582024,102.5296155127171,179.79410114762993,262.7941645653188,133.8273516832621,262.48543286960313,warrior2
666,DATASET/TRAIN/warrior2/00000247.jpg,171.94076900818703,182.56974651981912,270.3750178985967,96.90292693629684,177.04655780292484,272.11461440588073,126.23611241520811,289.937700661457,warrior2
667,DATASET/TRAIN/warrior2/00000160.jpg,191.20790627691144,172.64444026928075,277.5965184727453,79.29533338981045,145.77199185061954,163.6086187428962,139.4533622585488,214.016705875091,warrior2
668,DATASET/TRAIN/warrior2/00000191.jpg,233.86123364093623,116.77505294667641,288.58784879990924,80.27555162216085,140.44152875240565,234.52390618406443,130.88177241917154,266.81217315024827,warrior2
669,DATASET/TRAIN/warrior2/00000178.jpg,189.80298419926677,168.1877099667191,268.1952006692304,81.91685961695127,180.25051517170996,256.8826071339163,128.9475134061273,262.950355248934,warrior2
670,DATASET/TRAIN/warrior2/00000222.jpg,220.67012580548584,184.44895392378723,327.73324868582336,304.42063965820006,179.85816911471326,204.39862255247635,126.84448644576113,138.69922053447846,warrior2
671,DATASET/TRAIN/warrior2/00000321.jpg,138.10137447100303,149.929884088628,144.76946514201217,144.40498012480276,170.01011151406914,264.224389455857,123.22998796744088,229.93400393321105,warrior2
672,DATASET/TRAIN/warrior2/00000334.jpg,170.56311730209114,184.9741144137164,215.94335709633026,90.5378213893939,106.46738590550197,188.22247900717323,86.9478353693367,213.229092649847,warrior2
673,DATASET/TRAIN/warrior2/00000131.jpg,50.42118072302467,183.460700676874,314.2075867073352,148.41392381934998,177.76199452391697,255.26105703125083,118.93730870973982,257.9614025682215,warrior2
674,DATASET/TRAIN/warrior2/00000299.jpg,108.76274735731901,51.552984053938715,43.593915406480455,17.124042290961384,143.96695751234327,110.16738418829858,122.53214069417737,85.40452122297364,warrior2
675,DATASET/TRAIN/warrior2/00000433.jpg,349.35761759149335,299.8749184894292,37.234173111200114,111.01081151774126,154.04060946254606,204.9612166181488,98.883169547649,201.03909224613074,warrior2
676,DATASET/TRAIN/warrior2/00000254.jpg,168.8903943442488,138.55692898630534,167.00087704665404,181.9203109274801,248.90699837304234,213.88451060254025,251.65828351759092,150.1866386710786,warrior2
677,DATASET/TRAIN/warrior2/00000147.jpg,181.3543409898103,175.23437245600843,256.43041493767197,100.29045113568272,132.9074321883114,191.00798277751315,117.49595397091929,217.83161702367738,warrior2
678,DATASET/TRAIN/warrior2/00000124.jpg,186.56212135074628,176.84763533824815,272.30871871080353,110.7867089918909,180.85494402878214,263.0288313772086,122.97575382781977,286.19332228046454,warrior2
679,DATASET/TRAIN/warrior2/00000391.jpg,191.81234434047536,202.9469292853664,188.3659319999613,181.86258819408027,98.25354257380573,185.77079711260563,105.09816859894309,228.92279884671416,warrior2
680,DATASET/TRAIN/warrior2/00000408.jpg,178.5687219607068,161.620358592911,262.4027981857574,89.80548787794162,117.82975007296432,180.24357939636684,112.22905344358182,231.25591857924812,warrior2
681,DATASET/TRAIN/warrior2/00000338.jpg,190.63459155482235,198.67894558396688,195.14715864516089,189.6471971791368,105.8209194364848,173.80705755195999,109.81070850408611,233.7956041112377,warrior2
682,DATASET/TRAIN/warrior2/00000322.jpg,207.63243725266204,289.11497402565567,275.21909862186715,216.4880305567766,131.23125001213114,186.38263515366225,128.7450587554747,215.8580025755663,warrior2
683,DATASET/TRAIN/warrior2/00000205.jpg,214.63543572240226,154.34605733709427,261.4230251199123,91.09829176285207,176.2702487395958,209.7411394798938,142.5890532530701,224.73826853910094,warrior2
684,DATASET/TRAIN/warrior2/00000303.jpg,173.79163286069763,175.20928413096115,258.2976975641769,98.69357173331032,187.60210488972572,224.496176760169,156.7067428379821,232.19047947552608,warrior2
685,DATASET/TRAIN/warrior2/00000177.jpg,185.8880943743527,180.7708321810916,262.9487427571082,82.7115330479951,99.20155507799183,186.42831522497573,95.48841515284289,230.03017652462134,warrior2
686,DATASET/TRAIN/warrior2/00000256.jpg,187.03270605532947,169.6686124030861,262.89734056951045,87.63675701790235,114.01667562445746,183.54235503470196,103.82928085895401,217.1099692480512,warrior2
687,DATASET/TRAIN/warrior2/00000298.jpg,192.67863450097647,180.42790570883602,191.35243881802828,176.89802583538452,135.62031050718733,188.54988134346846,122.13986112983648,212.90384626905052,warrior2
688,DATASET/TRAIN/warrior2/00000194.jpg,187.06012666071712,184.08193533586453,287.92929580001885,66.01725821267941,117.70221098921687,171.10304084507462,105.34719405114706,212.24414757449512,warrior2
689,DATASET/TRAIN/warrior2/00000171.jpg,99.38037856157331,183.6455235944063,320.3871962803073,33.7640294324815,344.75964872900886,99.59761887194844,354.86260479721517,52.79521758908771,warrior2
690,DATASET/TRAIN/warrior2/00000245.jpg,187.17078015146558,183.38175030683803,183.5073799799578,178.68234997772794,96.47476230096561,183.1859899782688,100.47315713457863,220.4317067641861,warrior2
691,DATASET/TRAIN/warrior2/00000227.jpg,194.15602043744096,182.67719229357937,262.447144561701,101.1575861945213,108.49123622356775,185.6031923413934,96.69896927049916,229.78081469384287,warrior2
692,DATASET/TRAIN/warrior2/00000220.jpg,191.07700326224253,157.3401549335725,265.24052796653757,85.57754328362479,116.65853345907192,173.27544002301076,99.38893898536452,224.77937392884192,warrior2
693,DATASET/TRAIN/warrior2/00000253.jpg,174.57725068691983,183.25006101916605,256.775483937346,106.17179403433884,118.33049721680165,183.64244360535352,113.64715674184555,220.09804761637292,warrior2
694,DATASET/TRAIN/warrior2/00000188.jpg,253.52976291271852,95.93756598105803,259.6686670541339,81.65358762814216,124.18810554177027,222.9970931116813,114.16021208395662,244.48942129059492,warrior2
695,DATASET/TRAIN/warrior2/00000184.png,139.70372982905135,173.62064060830934,147.39674859945254,266.9801202551533,115.6105663383972,207.38135900091422,70.852688447843,169.44810217574533,warrior2
696,DATASET/TRAIN/warrior2/00000211.jpg,196.1606889641999,320.38980934307733,237.98678672059918,47.522907228603856,266.6906818940361,186.45929825848978,313.72139719904345,147.10434532342026,warrior2
697,DATASET/TRAIN/warrior2/00000209.JPG,14.654881247177173,85.61240199979514,87.69723385318598,308.4278249049667,184.39440310032222,242.98199875287298,133.8957207610057,231.0699881737135,warrior2
698,DATASET/TRAIN/warrior2/00000291.jpg,181.29812534499086,181.26079534300277,251.53065326028565,93.88198341700834,105.52630388934669,181.4899216815215,92.36527726496081,229.19729993678067,warrior2
699,DATASET/TRAIN/warrior2/00000241.jpg,189.87014053868077,178.07217709228516,96.89764783725019,245.81345686312469,178.54223233648045,119.78766472098381,215.69217116534,105.83954369405396,warrior2
700,DATASET/TRAIN/warrior2/00000309.jpg,231.6263430525583,297.5815442448902,299.95722531432307,32.45275183232109,120.63384657582006,167.64225455406486,113.60464032006618,215.55673440825018,warrior2
701,DATASET/TRAIN/warrior2/00000143.jpg,173.72124155392936,180.71449107513303,259.91777772042525,101.70869558794614,174.89205455219337,236.95927799083438,143.8224614940198,240.08760655679998,warrior2
702,DATASET/TRAIN/warrior2/00000367.jpg,137.61229017666065,148.52071171682687,223.09397222591673,215.7269385618749,295.2629366716485,198.8783717355074,248.27771509091954,200.09286863684818,warrior2
703,DATASET/TRAIN/warrior2/00000213.jpg,183.03177529721805,177.66127979348994,90.76576043424372,289.96956384786466,247.4768692880515,187.86738681588574,248.86449026156754,161.3512293051397,warrior2
704,DATASET/TRAIN/warrior2/00000406.jpg,178.2574998716869,177.22276089620527,100.26408243670178,255.7712466089632,176.3311411517932,107.27503560431035,222.0927765903812,96.47848261632674,warrior2
705,DATASET/TRAIN/warrior2/00000407.jpg,181.74248442094617,112.63181700697865,244.37288665085433,33.69783131209521,105.76443063383967,178.13186718335328,150.8475479531256,183.23466005727497,warrior2
706,DATASET/TRAIN/warrior2/00000383.jpg,181.007128755212,181.36917848156037,260.75774927363676,97.71139899033551,122.65732121527176,178.64801463572633,114.18546494984508,210.5865754241833,warrior2
707,DATASET/TRAIN/warrior2/00000251.jpg,202.6888503192616,167.187130976789,253.85228629908653,86.63119085794905,102.48511155854004,183.9414044654451,70.35080052412667,237.7657585461113,warrior2
708,DATASET/TRAIN/warrior2/00000155.jpg,298.9481430764277,60.49360740506353,334.8077021038513,32.49544687610003,314.239937598635,297.93614480626326,54.10708193129855,84.90099556802357,warrior2
709,DATASET/TRAIN/warrior2/00000437.jpg,190.84228214373394,179.9366821345303,254.6616542599696,87.56287103510896,112.90617435124577,183.09240632077936,101.02451902850311,223.13693234674332,warrior2
710,DATASET/TRAIN/warrior2/00000337.jpg,182.76590061823296,39.20903874555262,80.0492936757186,252.80596176773707,165.48255287628464,135.70623831213953,210.8541876433412,116.54750146335724,warrior2
711,DATASET/TRAIN/warrior2/00000346.jpg,269.8927088467893,211.2400414757124,268.7512618718455,41.49392101895129,214.53133651507824,187.85799161320244,216.83696858686008,199.06737296610348,warrior2
712,DATASET/TRAIN/warrior2/00000130.jpg,161.48638165587593,158.13718445572886,173.44750421928816,162.61149905288923,187.62014172083823,260.0179600487434,132.90213404187892,255.92722697381078,warrior2
713,DATASET/TRAIN/warrior2/00000311.jpg,129.1547517530088,152.63988390166062,357.2379141484696,78.18215216139978,20.29552950767179,346.1469875477341,93.26115803597844,259.28989314414406,warrior2
714,DATASET/TRAIN/warrior2/00000180.jpg,294.97938272952155,190.17745638815188,297.3118696596186,233.82671240034577,175.3887646430978,91.07778092479509,236.69541627784548,89.55458907415152,warrior2
715,DATASET/TRAIN/warrior2/00000235.jpg,177.28034317211913,193.21168684430884,94.27566377430956,261.5241874824002,156.52545585368642,152.6517445840388,198.23190674519694,148.2289543913053,warrior2
716,DATASET/TRAIN/warrior2/00000248.jpg,327.1598266369104,236.9766549180555,273.73848114688883,154.29057383891856,261.3172239943888,78.51599606358924,32.18585619371319,261.1234786838269,warrior2
717,DATASET/TRAIN/warrior2/00000370.jpg,181.70790188761444,179.71994132503406,237.7446740641787,106.3377867295104,44.89732029714915,19.605521864112678,104.97124389418377,212.96771432828447,warrior2
718,DATASET/TRAIN/warrior2/00000237.jpg,179.3223348050042,189.714108458718,180.5548144385316,173.3433859686228,192.77422374723812,242.8456815290844,129.24274245827866,260.75398389871805,warrior2
719,DATASET/TRAIN/warrior2/00000272.jpg,176.17874045670325,155.5857067350022,162.23679064141032,173.27134915224414,306.67359174584044,288.8091900843603,146.87121953388387,223.5405081876896,warrior2
720,DATASET/TRAIN/warrior2/00000212.jpg,230.48359219983436,168.4943741905952,14.750221687231006,32.448627453246516,134.60415541997688,196.45302390459705,123.40509217569644,213.74199379022286,warrior2
721,DATASET/TRAIN/warrior2/00000286.jpg,128.5897097090409,151.92561378904514,6.32903143644734,27.592176569850075,132.2107224074672,203.87131385469831,155.18399207208233,206.4091471694056,warrior2
722,DATASET/TRAIN/warrior2/00000275.jpg,148.1518467837933,203.917060948838,334.1260842773887,344.7497886248245,115.36399852362457,215.93157908471716,110.7609958201237,153.38418673388063,warrior2
723,DATASET/TRAIN/warrior2/00000353.jpg,2.8931382274732727,58.970836161602676,212.1391722569662,10.469165214305944,227.20507657873978,166.84959341486137,19.40914175991847,350.64921498448734,warrior2
724,DATASET/TRAIN/warrior2/00000238.jpg,294.00685226301687,208.08322466950574,290.8014519455884,264.4234870135461,247.57238894315867,39.887711195020835,21.62121663581638,352.355596831027,warrior2
725,DATASET/TRAIN/warrior2/00000138.jpg,296.9360877900618,274.5782000500751,280.628982175165,294.2161859088461,304.48399318227615,61.27732033482307,19.95043995617491,17.552281221506057,warrior2
726,DATASET/TRAIN/warrior2/00000343.jpg,196.41841158277037,195.64564228397947,202.93677152586588,196.95181512157882,164.52976851532725,144.8246316370446,356.4458428298331,351.7028577213639,warrior2
727,DATASET/TRAIN/warrior2/00000192.jpg,189.56718807607658,116.05901389448445,160.80632631618704,169.27200819957375,263.0902241874754,0.04779461939460424,14.707717398497403,4.206976188074895,warrior2
728,DATASET/TRAIN/warrior2/00000141.jpg,319.1188879220635,314.86207301880916,330.1604216241552,338.6785840881262,202.34699390800225,108.84880537838467,6.821073426014552,0.7433718483209042,warrior2
729,DATASET/TRAIN/warrior2/00000226.jpg,159.77199751633165,180.1159667770964,250.21079327225652,116.9562731770739,175.08661472402343,251.2141905899611,137.0798144876118,249.7198156835038,warrior2
730,DATASET/TRAIN/warrior2/00000196.jpg,179.03214714540047,184.09566411606062,258.381298377748,107.10933350122598,181.9411507642373,227.0247293599427,149.38427003021192,228.24358731572755,warrior2
731,DATASET/TRAIN/warrior2/00000307.jpg,180.50102622600375,184.55685668901108,257.1599056191198,95.31938567466756,136.16436588522933,186.6592351588492,114.99718740736552,219.4581269187983,warrior2
732,DATASET/TRAIN/warrior2/00000293.jpg,213.60364836542428,159.45805836594144,282.2192063956022,59.74714050191955,54.61159533755819,104.05234605095751,50.190775325490456,238.34347663507435,warrior2
733,DATASET/TRAIN/warrior2/00000300.jpg,200.9176294987195,126.93892426575408,248.53238376415888,64.2598519656139,104.63738784844912,170.93684823143946,106.05521597967623,215.22033877002644,warrior2
734,DATASET/TRAIN/warrior2/00000351.jpg,272.00788339043504,194.63911307475598,310.98141995574946,20.756964869492634,68.78532936946903,151.87304573033526,61.2344497259605,121.68034994998811,warrior2
735,DATASET/TRAIN/warrior2/00000268.jpg,190.94723820119128,206.03088285960186,259.34057612966507,80.51374219637167,85.79521059194329,283.66720435954005,79.56928259493638,211.99823478244383,warrior2
736,DATASET/TRAIN/warrior2/00000127.jpg,167.29026446993558,182.1512856859093,80.0005950702874,265.3766049979147,257.58618627551044,188.15863029047782,251.14342203223384,131.30772055590893,warrior2
737,DATASET/TRAIN/warrior2/00000425.jpg,181.60110501708502,157.07675502496187,261.37778990186564,79.87072784299464,143.45853865082864,231.21142905777918,131.12341412171423,240.87753370442636,warrior2
738,DATASET/TRAIN/warrior2/00000342.jpg,92.51606490496522,160.04717161596537,176.0572092102339,76.55400734511893,168.15781366228006,123.61624285694931,225.6613892272734,177.15067984733022,warrior2
739,DATASET/TRAIN/warrior2/00000132.jpg,201.95850858594966,159.1467684934491,266.3574747392631,91.86152128372049,115.86882259571473,173.21557386197662,105.78964005777402,216.10572639759326,warrior2
740,DATASET/TRAIN/warrior2/00000167.jpg,177.31650286950074,170.02308925837661,267.58481802802527,99.35440024712413,177.63815193903878,243.5887474809696,141.08855005803,249.63106894762296,warrior2
741,DATASET/TRAIN/warrior2/00000118.jpg,240.78067436435464,150.95928906218674,300.5202999877845,87.11854077903934,163.46668266163442,271.12919173027603,147.56487572269953,268.7724814781292,warrior2
742,DATASET/TRAIN/warrior2/00000221.jpg,216.74135541500735,161.10585181937824,142.31703633851063,85.3423445487262,136.75201796957037,271.01848219592006,91.50854171414149,297.0121578786328,warrior2
743,DATASET/TRAIN/warrior2/00000153.jpg,186.29384927938383,174.995132315365,261.93558533228986,92.7408880213424,86.93855354473551,198.76002910321077,75.60761402886892,250.60347323724918,warrior2
744,DATASET/TRAIN/warrior2/00000243.jpg,208.53799913996127,109.87579389204913,243.64001664371528,108.62615053816131,138.72575887185232,187.21029308553616,134.44657112566895,222.29144949371673,warrior2
745,DATASET/TRAIN/warrior2/00000318.jpg,181.77752382563048,177.77708012301457,258.93052170622735,91.19852518556422,103.68856244932084,181.67888548082485,91.63345216006951,226.7248398798363,warrior2
746,DATASET/TRAIN/warrior2/00000150.jpg,182.2596504724093,179.09808184077275,273.19490450955703,114.09095115014728,173.32397998259663,256.77954581862053,125.98347108187218,271.4215368982071,warrior2
747,DATASET/TRAIN/warrior2/00000430.jpg,188.94701258776445,161.0857509672799,269.73486950738084,95.22374257172655,128.44157799390933,265.8717498365615,157.59767259252325,240.5636046730929,warrior2
748,DATASET/TRAIN/warrior2/00000210.jpg,171.9123250197512,180.92635067895347,187.52057716133464,188.66053104694936,180.776075819536,147.1017506671665,6.44497998477708,340.4749210203179,warrior2
749,DATASET/TRAIN/warrior2/00000265.jpg,54.51635269564321,5.427989792954068,4.512687194841633,322.3011420315308,278.8240360169816,328.4405828560365,358.66005041826094,56.70167821527453,warrior2
750,DATASET/TRAIN/warrior2/00000215.jpg,82.70020198909042,198.0048374570243,356.1419313539162,336.78142958083964,155.58451937065686,197.97435233260174,149.1481102707035,182.82417914556873,warrior2
751,DATASET/TRAIN/warrior2/00000186.jpg,290.86270196500726,70.90988810332803,246.17914185000294,81.17650275419423,10.30906638893795,95.06721720809699,56.95337888393821,272.1886025982755,warrior2
752,DATASET/TRAIN/warrior2/00000420.jpg,177.8169534185577,189.0902399277022,85.65825938402945,265.04755427080295,174.6360839279246,110.07100914461051,226.1881130753686,99.3342735123673,warrior2
753,DATASET/TRAIN/warrior2/00000283.jpg,350.79980852890895,171.968957683602,331.6779597832691,4.765424441421405,70.67764045553137,143.45294576431854,63.3047124218189,117.64593694400457,warrior2
754,DATASET/TRAIN/warrior2/00000389.jpg,194.28174173725347,163.5674311558216,265.59067198182976,76.71125175293606,101.65758453432285,175.80675813861382,93.96535380935336,220.76255990059008,warrior2
755,DATASET/TRAIN/warrior2/00000397.jpg,210.8837258129883,183.61445071139968,262.69788991006686,104.6265491283678,137.73156576329288,206.84171021603885,151.1555522331467,144.4423299226144,warrior2
756,DATASET/TRAIN/warrior2/00000271.jpg,192.83875770147057,280.9863361356282,268.0474787111841,48.29534105005538,179.6267284696765,298.69345620048983,141.65190703698454,229.65568726656667,warrior2
757,DATASET/TRAIN/warrior2/00000402.jpg,171.35860335395833,177.5433856715624,264.56024820537976,89.11199585789379,184.1475010022363,292.65752110566865,116.38087375033865,260.7229317059402,warrior2
758,DATASET/TRAIN/warrior2/00000393.jpg,176.87405428158172,298.21250308613077,191.63517373444117,340.53670246683726,132.18284793793634,217.2947827665217,122.28785192707647,212.64018113923927,warrior2
759,DATASET/TRAIN/warrior2/00000193.jpg,190.29427142825256,169.29099163325026,258.29536442225674,103.98746157343163,179.72512189183084,270.6528725308785,141.03068213636107,274.0223789818456,warrior2
760,DATASET/TRAIN/warrior2/00000384.jpg,184.4704401696659,167.9755509166658,255.77870665124564,94.15435071815999,120.76450605573429,183.22644363957005,118.92843986966827,218.19948705595198,warrior2
761,DATASET/TRAIN/warrior2/00000432.png,145.81825723975967,175.6352066684858,128.96487700614458,340.45787619982843,34.1908903774994,276.56950920883804,89.26429354367741,283.54747089598686,warrior2
762,DATASET/TRAIN/warrior2/00000273.jpg,167.78845563841327,172.23296650851435,188.37670802915758,176.1040751352987,243.31701192423324,191.85965676298107,241.83071651355255,130.38133110818612,warrior2
763,DATASET/TRAIN/warrior2/00000244.jpg,163.61945992635793,177.57286543496826,20.16045027992076,7.045411282915992,210.48382811647105,185.78559067978327,3.9664088604470127,357.9129954950479,warrior2
764,DATASET/TRAIN/warrior2/00000395.jpg,264.9940769520685,170.94224443069334,280.339480385313,17.690204310264903,312.5817898642622,113.6083223736464,330.54089253949337,62.359659907243724,warrior2
765,DATASET/TRAIN/warrior2/00000297.jpg,51.658607692129365,308.97876237257265,16.640143275033747,339.7129149250818,319.42458994949,97.4877798073093,331.9335820210049,56.62084613824212,warrior2
766,DATASET/TRAIN/warrior2/00000418.jpg,189.65589078111478,135.33682661108554,279.3275799176164,45.43972608862661,134.04583217143485,113.3140099899878,115.32129757825413,130.89963137994096,warrior2
767,DATASET/TRAIN/warrior2/00000258.jpg,251.55631136616927,225.98287071712238,297.01187853552597,285.5996540544355,312.30621978628466,226.61021714629723,110.97168365566395,127.84790404148563,warrior2
768,DATASET/TRAIN/warrior2/00000382.jpg,35.86246265080525,304.5327393171708,345.48389519613886,16.240717513702563,107.22773300331372,210.93240233831676,171.48041335861265,196.95540930527505,warrior2
769,DATASET/TRAIN/warrior2/00000317.jpg,167.54028662802165,153.04895451847509,6.845105525329903,15.992975403442884,79.59370974578515,224.15093518279895,132.40113638053253,211.92337518740484,warrior2
770,DATASET/TRAIN/warrior2/00000327.jpg,247.12283644744244,357.5639667903928,29.816686484082755,359.63665178971075,66.07970023570945,261.3086997138087,95.72189770172224,235.58197762443115,warrior2
771,DATASET/TRAIN/warrior2/00000428.jpg,178.77976583560456,174.52739013546625,106.17108205139708,266.6862308388261,242.79391072589246,180.17891810762023,256.22117378696316,134.96675850416628,warrior2
772,DATASET/TRAIN/warrior2/00000157.jpg,182.8834872267555,170.57493917445242,260.99435291006534,100.46819724682094,102.88041747896273,177.8613228851924,97.53157199078976,233.12426230478042,warrior2
773,DATASET/TRAIN/warrior2/00000325.jpg,174.765029845711,175.1525066291746,258.2838047196284,99.88667027222242,189.2424286779735,221.92370319108102,156.45694795900224,231.84083530451537,warrior2
774,DATASET/TRAIN/warrior2/00000434.jpg,207.841798808635,123.72834310376277,270.6666228772145,79.01681606042855,168.77115283883188,229.75685718761733,161.84433579789692,259.1389077808616,warrior2
775,DATASET/TRAIN/warrior2/00000170.jpg,261.0182290455449,199.3351620545841,141.51225721560277,248.49035045687148,288.5309471804937,65.80701613574115,265.32932333014776,60.519960130486275,warrior2
776,DATASET/TRAIN/warrior2/00000121.jpg,175.11848591792125,177.92505309995215,244.75958414668568,100.27211095853478,104.95003319418112,175.8655551615434,90.287110208319,228.3965187594568,warrior2
777,DATASET/TRAIN/warrior2/00000372.jpg,172.4052889741027,176.890986633845,253.04135371229134,95.82915538929156,97.346618707154,148.41447938941238,97.27146902574975,211.05550881952894,warrior2
778,DATASET/TRAIN/warrior2/00000181.jpg,192.1126157454989,88.77362249854067,163.69280801372997,55.698059125376666,71.98089850810076,180.56617623770097,124.40163421921451,261.55530109137453,warrior2
779,DATASET/TRAIN/warrior2/00000267.jpg,236.05935572855083,138.47634593520945,280.6836556271548,83.32826094505891,128.00558624018683,250.07178816438204,113.96279932683902,281.26609652710994,warrior2
780,DATASET/TRAIN/warrior2/00000217.jpg,188.36280138005165,161.38814972879115,168.91847889637373,145.320575501618,263.5057412109543,192.3935033344767,287.24469138776436,154.4181678593836,warrior2
781,DATASET/TRAIN/warrior2/00000285.jpg,203.89212569735085,148.33483815362473,280.204958207895,81.41189776675328,131.71447553665433,209.26266292880777,128.9269225799648,230.23895033650368,warrior2
782,DATASET/TRAIN/warrior2/00000123.png,186.24817519163167,181.0764091476473,256.50985048964577,93.94827051399642,53.86608847115113,232.0437332961848,44.86869078919916,263.58603292269476,warrior2
783,DATASET/TRAIN/warrior2/00000278.jpg,357.598130187562,262.5589583984754,14.769306124364002,10.859340114341027,303.5653326393108,297.5984292305258,335.28992060646544,331.1069837900401,warrior2
784,DATASET/TRAIN/warrior2/00000166.jpg,9.880461672848226,344.8658260249856,338.6090557326512,16.360351020452647,95.87133432119808,189.45663392127958,90.00088456619807,226.05118570368606,warrior2
785,DATASET/TRAIN/warrior2/00000344.jpg,182.31189832624247,163.0610580819401,311.0546538668197,86.89963926458748,176.552343235546,260.43282291996235,126.03716232059557,254.74805500100803,warrior2
786,DATASET/TRAIN/warrior2/00000135.jpg,185.63958446554125,180.31446361710192,265.72823497907245,91.80202376824863,104.09197516839095,177.95580929030015,96.9856421922978,237.25759194664857,warrior2
787,DATASET/TRAIN/warrior2/00000368.jpg,174.67420726013475,184.7750352666931,244.73578558879888,102.83667068723084,113.75016504965043,179.07728093103916,94.17573409681455,227.9135973377443,warrior2
788,DATASET/TRAIN/warrior2/00000199.jpg,184.43879009659622,0.20999102894496474,267.67317571789636,272.6485733157631,123.25535397428116,148.51026653809015,121.5572517190507,206.7995500186841,warrior2
789,DATASET/TRAIN/warrior2/00000429.jpg,99.78665705632824,179.21237426184393,4.932889942966397,172.4521030826487,179.25129535538173,240.80793675647988,123.56493732547929,228.47099374521486,warrior2
790,DATASET/TRAIN/warrior2/00000149.jpg,192.69192732959354,162.41130189999498,280.1347851954579,106.39679717464195,125.06787606090475,182.1854499205008,107.78291441329583,242.0588193765091,warrior2
791,DATASET/TRAIN/warrior2/00000129.jpg,176.08615545187723,163.03559547749765,254.6432345861232,87.50139633321821,98.95194903417332,181.96172893646633,82.81069182718053,238.32189391875914,warrior2
792,DATASET/TRAIN/warrior2/00000377.png,207.64898078267325,84.37614900178612,259.7686076385893,79.04466489185735,109.86191051585426,196.50458454894044,82.65169335120498,238.5515888980923,warrior2
793,DATASET/TRAIN/warrior2/00000396.jpg,245.52516893482738,226.29544488815623,313.40979928758424,292.2743179269449,150.09367872008636,185.8871641011721,148.87473155234034,182.80184178340664,warrior2
794,DATASET/TRAIN/warrior2/00000206.jpg,182.46057599813693,175.87006398354637,291.5130551254073,51.923389684694506,103.88838852366582,174.80112983652887,95.18387970116805,213.13920970457897,warrior2
795,DATASET/TRAIN/warrior2/00000324.jpg,186.15108375472005,178.39155724947534,267.9320250029065,88.86518675239829,31.249133358555063,343.1192494188681,93.89649963380936,247.73907509895463,warrior2
796,DATASET/TRAIN/warrior2/00000331.png,81.47694358480322,343.96416303235935,53.64952689545173,17.73097406053855,140.54104954189685,259.6906343987917,136.3483085956534,249.38801659748714,warrior2
797,DATASET/TRAIN/warrior2/00000320.jpg,190.44813106862296,150.6390371900556,270.3936190088728,89.15084736809646,59.858454638944416,236.95822281229934,43.89474698235838,250.4342976259124,warrior2
798,DATASET/TRAIN/warrior2/00000360.jpg,177.665853203697,178.90670140648947,259.1602718314575,85.30148662268793,128.9870259380247,173.7989966573882,115.80607650872676,232.42774859827296,warrior2
799,DATASET/TRAIN/warrior2/00000413.jpg,311.2701687391047,218.82738935712115,331.1447731588994,39.175635783493895,300.74278838677094,10.265557522787798,316.3640259579869,5.336715902506944,warrior2
800,DATASET/TRAIN/warrior2/00000341.jpg,185.4108453178952,345.10656898094214,203.26121426886516,358.23990285773573,45.494954519135824,321.26637760598163,62.54858235900238,248.4115491429493,warrior2
801,DATASET/TRAIN/warrior2/00000236.jpg,183.2440017413395,181.96453292309454,273.5947487366503,90.52118352241155,177.51374084640025,257.68591805498016,131.8611146277489,254.5560860932942,warrior2
802,DATASET/TRAIN/warrior2/00000142.jpg,178.92813692228373,174.35883001329145,103.7140871339713,261.5213110862443,277.67620259269574,169.92001953224482,277.1402602244481,116.22619372884148,warrior2
803,DATASET/TRAIN/warrior2/00000302.jpg,301.380923063201,114.14797316224548,248.76851063118008,55.708653827471956,346.93658834905403,301.2975271512099,2.1285754479420658,322.0911764797059,warrior2
804,DATASET/TRAIN/warrior2/00000239.jpg,183.06315532941275,242.83980034895822,264.5409297843688,23.381106380278407,121.81370018836115,143.07164467224683,114.08825032436755,200.1735219949988,warrior2
805,DATASET/TRAIN/warrior2/00000148.jpg,172.89163140997235,181.25670447417426,250.9577137579174,105.96908150633283,101.02556147707503,173.0466138823127,95.44811006304099,228.7237001940724,warrior2
806,DATASET/TRAIN/warrior2/00000375.jpg,178.9834061557608,184.45541527270427,259.9305682319958,85.34274015356581,125.03148981410273,176.40536861685493,110.19584872702205,233.40952995090078,warrior2
807,DATASET/TRAIN/warrior2/00000355.jpg,15.958755288022903,253.1231544676141,61.77857107385447,286.9457761822775,175.98810276854996,106.82583697720081,209.1764735776874,111.46117438438753,warrior2
808,DATASET/TRAIN/warrior2/00000255.jpg,246.03797276659918,118.07555990581521,297.92442187401195,33.06560721105171,159.47276455464188,255.88615562288055,110.77075215935866,270.3548656569795,warrior2
809,DATASET/TRAIN/warrior2/00000319.jpg,215.3162006820704,145.3297707405787,270.95924964418634,69.9547412919496,79.36952321630774,324.86797124461907,126.86613150178587,202.56332634423453,warrior2
810,DATASET/TRAIN/warrior2/00000315.jpg,140.12663532329768,176.32612884794528,263.99352829711523,309.5723884534434,167.85300278639946,253.7162465961406,143.2691016377101,256.393087487136,warrior2
811,DATASET/TRAIN/warrior2/00000249.jpg,181.7962692819131,172.65771056437518,251.11854489377913,72.76646816326243,109.89689757702733,181.81485024737674,97.10903314504412,213.22378495840942,warrior2
812,DATASET/TRAIN/warrior2/00000289.jpg,165.2515014672375,195.4431550650601,162.85514561608397,173.8202912338758,102.94931230821709,182.0746057226016,104.39083283689976,242.33696156003188,warrior2
813,DATASET/TRAIN/warrior2/00000333.jpg,39.48627377591742,61.14094710183687,65.38096744838674,63.74091030156413,323.8403953882353,327.1277639465933,352.22373952301785,355.7940026473219,warrior2
814,DATASET/TRAIN/warrior2/00000349.jpg,50.695565831546666,22.56841854044359,21.47026906741578,35.60547038315992,172.75324397084134,181.14724706956486,183.9341099514359,189.03744477637161,warrior2
815,DATASET/TRAIN/warrior2/00000162.jpg,240.53018984150992,71.29322843145076,195.0057100511417,151.91198601636103,306.2008972917976,204.8552527982966,54.303324240120055,302.7146372138502,warrior2
816,DATASET/TRAIN/warrior2/00000295.jpg,185.86509314920505,185.3743543301411,188.46723797876467,183.9428359491594,143.34485590169257,146.53124175903693,154.52822630129617,188.29428266158834,warrior2
817,DATASET/TRAIN/warrior2/00000359.jpg,215.60642882905393,171.05799081119196,274.830592866432,98.29071179053314,100.57749309851984,184.30330240094517,88.1661313551918,231.0758418042764,warrior2
818,DATASET/TRAIN/warrior2/00000122.jpg,174.5013043353982,197.17014950648232,244.4170397662494,114.77579855236645,278.79700825294697,183.36876738478827,109.97555609605587,266.8908142159975,warrior2
819,DATASET/TRAIN/warrior2/00000214.jpg,225.23577390098612,176.50147216493215,290.3412964188641,35.86848775566603,134.6082124467979,57.555558417123486,37.781304393908904,5.60783007514712,warrior2
820,DATASET/TRAIN/warrior2/00000361.jpg,181.31892176335188,171.06455998893438,244.22666125027473,108.27388089610358,94.91055473281665,81.57045873696724,157.3424567605802,203.59775613236098,warrior2
821,DATASET/TRAIN/warrior2/00000234.jpg,183.48850295078867,176.44599920519283,255.60825701188472,80.79453428458409,87.3985258784367,168.0486215388893,73.55990382320046,230.9868194489327,warrior2
822,DATASET/TRAIN/warrior2/00000387.jpg,162.91362001806922,185.17509705690992,266.44407068323426,94.40830204131527,104.2937422672723,180.99747706022467,92.14893592596127,240.3085930175057,warrior2
823,DATASET/TRAIN/tree/00000112.jpg,327.91441879964833,333.3780712277772,342.18373479766274,6.9404190380126956,18.817937290258307,107.66647630263141,117.53832839184935,122.2541927102479,tree
824,DATASET/TRAIN/tree/00000190.jpg,205.09199028658585,167.49112990531373,266.1825852429061,153.15622748017725,75.47660774912778,153.14936100085913,83.13612375212195,155.2109852474432,tree
825,DATASET/TRAIN/tree/00000174.jpg,161.35057704010035,185.13419617224582,350.98131038941386,359.9313837208301,6.160218197822934,309.1788408616949,124.10159288624476,237.81143434397413,tree
826,DATASET/TRAIN/tree/00000092.jpg,28.26075070540524,189.0040493180268,347.83725687590004,359.13447617175075,32.9722269663612,279.69703900117486,107.41182108324497,249.09448730022226,tree
827,DATASET/TRAIN/tree/00000158.jpg,215.47270097373686,139.88194397603047,346.76956509904386,174.1616449648078,45.720031323880214,186.3888751674524,118.94076520220719,170.29061059741957,tree
828,DATASET/TRAIN/tree/00000204.jpg,185.63110116194292,170.838109187486,180.3825193192199,172.0575766437621,19.73357160353485,175.02151496698212,148.1286033665717,170.67818296560725,tree
829,DATASET/TRAIN/tree/00000086.png,166.31047454213044,350.4733491657571,354.263474988495,13.029251536092282,195.8392408581398,94.89211648071341,356.79798349800853,325.61617500360376,tree
830,DATASET/TRAIN/tree/00000198.jpg,176.9820451712501,254.3681943871849,338.83423247900623,352.8404835139839,71.88422672187711,141.2870598272648,96.33171100664481,99.84496910791836,tree
831,DATASET/TRAIN/tree/00000137.jpg,231.22546924141616,122.70336548902708,191.0531821278437,165.64005874911962,20.543091341717535,179.96559622251226,110.13886932946093,184.70438225861292,tree
832,DATASET/TRAIN/tree/00000088.jpg,25.55311951257623,328.18406065038124,351.3308109486397,7.573506436207612,310.94863450195,358.90079197128017,52.20990593382934,358.84498441310404,tree
833,DATASET/TRAIN/tree/00000152.jpg,160.9955596540205,163.1000110908565,346.3380631594841,358.09303323417635,191.60550290357378,196.8985288662663,3.087680249858789,7.804387130508073,tree
834,DATASET/TRAIN/tree/00000126.jpg,215.47270097373686,139.88194397603047,346.76956509904386,174.1616449648078,45.720031323880214,186.3888751674524,118.94076520220719,170.29061059741957,tree
835,DATASET/TRAIN/tree/00000131.png,49.20763832251627,324.6909803244485,331.21705681293156,21.061950703109705,107.0222234875633,172.71098824143428,139.60538161770498,174.95491049645133,tree
836,DATASET/TRAIN/tree/00000096.jpg,44.9544477929348,351.0994454733074,352.7399013068485,39.45781481074758,21.734901432644644,164.36979405246103,122.81021666822815,169.53775575476618,tree
837,DATASET/TRAIN/tree/00000202.jpg,223.8576516058922,257.49574201565474,205.52877356003066,228.8254007667362,200.3874528924147,247.70124878109925,201.52054443392194,235.84122970597605,tree
838,DATASET/TRAIN/tree/00000075.jpg,210.84761343923583,149.45180146009523,186.48825609791137,190.17101235311125,62.28923066750208,181.5668588548053,132.065014325276,189.34914704755377,tree
839,DATASET/TRAIN/tree/00000154.png,178.65344098818775,188.02005548434363,185.21418629610778,181.10413255480245,176.72990130448645,91.4342486379807,177.76494216594895,129.58316467454503,tree
840,DATASET/TRAIN/tree/00000139.jpg,192.969528413216,174.5202769629274,187.3871190476652,178.64401141582564,47.13238802698402,180.41597662380315,128.76570435605825,176.39872529875856,tree
841,DATASET/TRAIN/tree/File36.jpg,192.54930326340377,160.28191285772874,180.1343530236679,185.71830321501145,37.32604943395032,178.8415339093903,126.72426583990108,178.7926258561783,tree
842,DATASET/TRAIN/tree/00000173.jpg,193.25675140901996,167.59139721464626,353.63653931302935,5.202859576690429,178.35932188582203,174.0026298560274,178.30666250188062,177.39667432510225,tree
843,DATASET/TRAIN/tree/File55.jpg,195.84634494360256,174.95744816886705,191.7131477951013,194.37630471031082,61.46018467349618,180.85660195622754,127.87931261279539,173.610522203997,tree
844,DATASET/TRAIN/tree/00000125.jpg,11.282151577500933,343.50804922026134,318.67174918239573,36.4365225096803,79.35376760638252,252.74033763544867,88.77557596669146,199.64352417977207,tree
845,DATASET/TRAIN/tree/00000187.jpg,199.07228745968766,198.86975682223473,192.032848052488,184.66283655948175,123.97736469988824,143.37794442988067,164.9647498739817,159.51345805872336,tree
846,DATASET/TRAIN/tree/File81.jpg,244.78644237741798,107.328328900674,182.81084319679348,160.2157467845174,171.4526395868376,336.7197109864662,176.47781272985975,248.30201591346014,tree
847,DATASET/TRAIN/tree/00000176.jpg,40.82175737961509,308.0287286342152,341.15816508726897,30.704758246127906,21.743123651912178,174.25763060769142,114.6838070673291,190.3481520118145,tree
848,DATASET/TRAIN/tree/File11.jpg,151.99833305879773,211.13194205096886,350.35372656312666,0.4408568688227701,184.75771424452938,190.50308710127402,188.21226888122,194.213571083673,tree
849,DATASET/TRAIN/tree/00000089.jpg,184.72808185543943,328.3287156227493,12.526546819506748,7.251578812579853,106.17289813563606,197.2755230262853,129.2301708716843,192.5374520622638,tree
850,DATASET/TRAIN/tree/00000144.jpg,185.3758593100342,174.98255397472192,255.99599055123906,93.47133022979818,180.72340981510285,331.5611088125272,173.63319185962075,258.31251589749917,tree
851,DATASET/TRAIN/tree/00000178.JPG,32.41421787243368,323.71240799041846,312.4530329687784,26.500204973312897,172.7011229128911,336.2956358818127,166.7198391279602,261.3122891824653,tree
852,DATASET/TRAIN/tree/File45.jpg,178.78917868900106,152.20003845130768,171.20585354881823,180.90366348658827,169.27992558527595,345.69177063165773,177.22964773487476,240.9721267324615,tree
853,DATASET/TRAIN/tree/File49.jpg,201.74193328084138,168.36785305976932,199.91219113512602,180.86633503665504,113.82985878804188,191.82680926464255,153.92959711098564,186.51936682716584,tree
854,DATASET/TRAIN/tree/00000179.jpg,23.162640666878755,339.8095174944516,313.0442779356694,38.45623992330164,349.8013009210382,354.90597685387957,2.2943160843343944,329.2129656705117,tree
855,DATASET/TRAIN/tree/File64.jpg,195.90913955654312,135.3797318036865,183.75381506120564,171.49386799069038,28.118962602855298,174.88132455359352,108.6706308163578,171.15978340473427,tree
856,DATASET/TRAIN/tree/00000136.jpg,210.98680305179653,202.3403597559973,242.44853789231834,256.3228429242779,168.54402830658964,185.24225053041283,155.27283908770696,191.04816463045736,tree
857,DATASET/TRAIN/tree/00000182.jpg,14.85449294881865,210.34442893272941,347.89657309757587,21.61420616020452,11.50123049716763,195.08427604021773,118.42869907812656,185.1619398559725,tree
858,DATASET/TRAIN/tree/00000163.jpg,236.00404095001528,133.11385593265086,200.00956662408706,187.25929341140377,20.566789943208708,178.8598205599999,120.050843982081,183.10216225465192,tree
859,DATASET/TRAIN/tree/00000084.jpg,182.71170247323127,178.91341852693705,177.91007867124654,171.97203057621948,55.663250223292025,104.05244523493252,77.40056285409338,324.8976433737376,tree
860,DATASET/TRAIN/tree/00000175.jpg,176.01482556944893,154.31314075442987,182.35525119107717,177.83648628641785,17.596031032904463,119.62095546192053,101.88081935964203,110.5775640657483,tree
861,DATASET/TRAIN/tree/00000079.jpg,60.84619064826908,340.17594209089617,359.7683947770298,42.12611194816433,28.343978662025965,174.34469451423791,116.38226470245922,178.54379048277778,tree
862,DATASET/TRAIN/tree/File31.jpg,264.68747867449827,91.78507444042049,181.1334151439553,168.12760292911577,311.0627632889415,39.72957509642602,10.662772149012262,345.5950375387239,tree
863,DATASET/TRAIN/tree/00000165.jpg,197.84381219822612,159.49403646093475,211.28118281415792,148.34733908053852,19.8278284328786,178.27596983260293,164.53648682188128,181.18886992983894,tree
864,DATASET/TRAIN/tree/00000200.png,258.84952477643236,112.52033876106296,183.49969002401832,152.86486208452203,193.07403364791776,312.860873987581,188.2224266974863,253.92277222213613,tree
865,DATASET/TRAIN/tree/00000156.jpg,265.8981461123036,56.60750302075904,22.499407829494533,301.738168882125,256.6726384569223,186.7860105285184,237.21835388311305,183.78313875131437,tree
866,DATASET/TRAIN/tree/File10.jpg,245.01093955403996,104.49738411011555,201.05141185234322,171.36221854399304,39.00948177436586,178.43861606811933,105.84237184147256,190.32305127681283,tree
867,DATASET/TRAIN/tree/00000076.jpg,86.94493123049838,268.09661325346104,299.83198292077753,67.35421850833737,24.994747163365094,176.90681795047425,104.67406723610651,184.37578393401185,tree
868,DATASET/TRAIN/tree/00000168.jpg,97.42753483979317,172.97505054405454,322.99405872569434,10.223289431086124,188.57613018399775,184.24298710765459,18.673779266032536,59.62201580683798,tree
869,DATASET/TRAIN/tree/00000160.jpg,151.50558205897596,55.1032772160379,213.08580057229685,63.32647555345308,98.83566316731518,65.64169047503788,127.96628399478195,65.20664123112611,tree
870,DATASET/TRAIN/tree/00000091.jpg,201.47222115621508,148.2106210729954,173.42512247228026,172.89609452084846,180.61882075156058,348.4562620839686,189.64095884348552,239.28050463781412,tree
871,DATASET/TRAIN/tree/File84.jpg,350.8469502955148,183.58497192999832,322.62430461514816,359.90421296504627,177.61756282474022,178.4799841146848,175.27115259201358,180.99578961277138,tree
872,DATASET/TRAIN/tree/00000191.jpg,154.58457884608748,215.71096490588334,324.99289321314336,23.34936065060428,233.62941218375224,260.72052211335017,18.27001963218273,103.54335326461006,tree
873,DATASET/TRAIN/tree/00000133.jpg,206.37872842795667,64.14272823679408,148.00721458566665,158.55941495098196,36.37640129869594,121.34076085986898,99.68555656158924,118.78214914700183,tree
874,DATASET/TRAIN/tree/00000072.jpg,192.26401667283602,172.97536659109207,193.298841149609,188.33059948320818,337.9758938537231,323.7301240336379,320.5323910232737,327.6224154232261,tree
875,DATASET/TRAIN/tree/00000099.jpg,3.810440169819968,258.2972375763524,337.819116155107,345.1631536807254,52.16445131530756,57.782208703474204,89.63819045893297,13.543256444280969,tree
876,DATASET/TRAIN/tree/00000119.jpg,182.50158241051173,189.12385167111395,173.85662253564877,174.620595538435,203.74242423383524,342.17279137960804,188.59709562436134,244.02530356757342,tree
877,DATASET/TRAIN/tree/00000108.jpg,358.5778306590004,50.90438175371486,320.2602675872728,75.76009239552371,177.6184811588269,180.3817858609041,177.70179083250946,183.12070273252007,tree
878,DATASET/TRAIN/tree/00000147.jpg,216.53688393377098,149.956677463521,159.692289328976,130.51406146967054,210.01742381597276,92.79864755754728,11.903690842384547,5.153858215166647,tree
879,DATASET/TRAIN/tree/00000124.jpg,197.5873619825686,183.8716391903013,182.17242884228767,200.23706222910656,272.79095072910667,69.76128864255514,6.615253302858184,358.7108506358703,tree
880,DATASET/TRAIN/tree/00000194.jpg,238.04871965777647,180.79760262596838,170.6329443591781,144.61232354774143,163.07701389836768,156.70087439974745,325.83671804464257,340.6908017841311,tree
881,DATASET/TRAIN/tree/00000093.jpg,2.278802145759764,187.68278892909743,359.16511902433524,19.78110725502325,358.3560958510974,13.322677937717884,10.369457043101294,3.2278038970739136,tree
882,DATASET/TRAIN/tree/00000171.jpg,190.59537395794422,226.39315307936857,195.38628476256312,217.63663185139188,201.51231050305532,178.80951644562782,15.068247578804598,8.395262612156593,tree
883,DATASET/TRAIN/tree/00000157.png,178.23763455271802,145.3322799062897,163.62941651445593,169.81134557766381,196.65333168471028,277.3143550611926,263.8368324373839,257.0636158053646,tree
884,DATASET/TRAIN/tree/00000169.jpg,23.51120084609543,344.33559177354306,337.2430244869461,41.91942043420014,161.78104596810715,173.20301214802143,165.3432127996227,174.40609648596725,tree
885,DATASET/TRAIN/tree/00000188.jpg,16.282567189857293,168.60039051861443,279.7769099509684,25.66332518534088,27.03288343515108,182.9296776871303,109.5849820530538,319.2872480268811,tree
886,DATASET/TRAIN/tree/00000107.jpg,323.45546990109534,188.274909213731,344.4862488176769,44.61799512632192,168.9785238813735,185.88575193323226,163.18316195487517,181.3183579978195,tree
887,DATASET/TRAIN/tree/00000143.jpg,325.21007380752053,302.26154604799274,323.16831030001197,358.17409332848297,142.41146092085768,145.33199330776083,146.9747514721338,152.78362991822064,tree
888,DATASET/TRAIN/tree/00000103.jpg,153.44901800865932,134.7187258374966,99.68626024193935,98.02378109550465,192.95761444919344,130.49459024651208,357.1142670110951,357.4390691930233,tree
889,DATASET/TRAIN/tree/00000090.png,45.33477065003848,322.65548986101237,338.5468632023223,19.695642572485596,104.68493179658437,178.47799501969942,144.92886238668396,182.75050682507114,tree
890,DATASET/TRAIN/tree/00000114.jpg,172.86486887185987,156.0422961201183,174.13120306051013,164.41736010955663,176.4649990047534,348.1796821723568,187.0576527730477,225.14571831126852,tree
891,DATASET/TRAIN/tree/00000070.jpg,146.53704579575276,201.3419931830927,183.15606490722755,150.33680605250674,334.38193790096614,172.03871199618138,259.7976411391784,171.40154875247632,tree
892,DATASET/TRAIN/tree/File73.jpg,233.49060394787404,139.5766532568189,201.6125692498288,185.80748399686212,16.646191914621838,166.5241507090894,121.62157075224965,174.71081524686653,tree
893,DATASET/TRAIN/tree/00000083.jpg,25.756065556223685,322.28345516013474,322.1221153440352,38.689529212714866,24.750752728324258,168.89520561601802,124.88398509233906,176.26856783806963,tree
894,DATASET/TRAIN/tree/00000155.jpg,355.44090623213026,330.80561621162883,340.67339927823394,15.748963419255372,36.82564469968895,166.17040524533283,115.04063698195318,166.88699283551964,tree
895,DATASET/TRAIN/tree/00000130.jpg,195.99633336628415,176.5378533184812,191.51603407105395,163.50134364083755,189.8861856669879,347.42486358720174,187.85002753081142,249.6963089377487,tree
896,DATASET/TRAIN/tree/File83.jpg,31.964232762308782,160.44114668623385,344.7344780938354,351.03049598218996,151.9893406647381,171.31337075452936,155.80759912128846,166.44968599912522,tree
897,DATASET/TRAIN/tree/00000180.jpg,165.2001592752696,160.01240291300755,323.93559996759063,4.9850246935317815,60.200910891494715,277.1902654602624,121.91614297713323,260.70292367221913,tree
898,DATASET/TRAIN/tree/00000113.jpg,12.685332708009565,324.2699172505492,311.1527141541802,54.97877996187823,61.433662035654194,185.77804987072707,104.06623557905269,185.51299939153049,tree
899,DATASET/TRAIN/tree/00000105.jpg,342.812331304071,280.1868727153048,316.974041673169,331.6747988769826,50.411125653454086,170.5277284355901,109.73290496779151,154.15703298736327,tree
900,DATASET/TRAIN/tree/00000151.jpg,241.98163548468312,119.48883994593712,195.6434352144123,167.43041617575437,53.20099302168924,182.20882181151998,117.23893397574687,176.8085085100946,tree
901,DATASET/TRAIN/tree/00000138.jpg,16.108527626925397,334.4869556054784,353.01544312912745,8.398643162850037,30.812660255045678,180.801947443271,144.43595939246168,182.06678134050165,tree
902,DATASET/TRAIN/tree/00000104.jpg,184.319988054676,170.57326835127634,171.6345366309771,175.65391498261457,180.70537210612477,327.59235554497957,182.53330037715995,221.60716118158726,tree
903,DATASET/TRAIN/tree/00000192.jpg,351.0827962803315,45.43849602124803,343.72565572171897,19.31838777925431,178.7733603720698,312.342948556878,177.59940703010454,233.28221641779567,tree
904,DATASET/TRAIN/tree/00000141.jpg,193.40886912561692,170.76093375466618,170.74658002239192,126.9585637448894,169.99147522734265,338.89054846718733,203.37290684642176,287.95573913279304,tree
905,DATASET/TRAIN/tree/File47.jpg,32.42983217362818,301.31055091898565,328.0674253656202,26.572453075411072,194.4143980519368,335.4919619483173,190.55694078307604,268.47002171785863,tree
906,DATASET/TRAIN/tree/00000196.jpg,295.91788683228924,153.62612755237308,242.84420310505456,87.07369330873053,316.37686598614613,138.70812557942787,63.427274676360724,311.5311977818001,tree
907,DATASET/TRAIN/tree/00000177.png,165.7473633339511,96.72182918530746,170.73627133682808,144.26481900739677,308.22736399456676,329.04813747074957,239.27445244467123,251.17991917835894,tree
908,DATASET/TRAIN/tree/00000201.jpg,42.06337137334052,314.3781185386828,314.30707233970224,40.74221176186409,178.68865198352518,332.8767027671918,174.08930243234474,246.1026503815596,tree
909,DATASET/TRAIN/tree/00000127.jpg,28.11029873023909,295.59671985036493,335.7471146818513,340.9108622248809,281.7427575233648,132.91407235243656,35.84995278998768,352.10835261141665,tree
910,DATASET/TRAIN/tree/00000132.jpg,61.10117332083742,335.3070357745121,237.0893421899187,351.5440947539958,245.521476478625,159.9673833157979,12.848583485597073,1.0500200103500985,tree
911,DATASET/TRAIN/tree/00000167.jpg,158.0739923361943,156.89527905468276,345.51866576293247,349.9261456198453,52.70642924699838,182.62017315233783,96.388732943143,14.911876697436192,tree
912,DATASET/TRAIN/tree/00000118.jpg,164.31754100159,311.7773253876598,355.10934907087017,351.74271962612585,351.38901080186025,336.305408898203,113.06190414983593,339.220331352882,tree
913,DATASET/TRAIN/tree/00000153.jpg,195.20163850667154,162.06656410215228,184.62329484227052,180.8431864062538,132.95647613434062,194.0754372181799,151.67233343696748,185.02096859140252,tree
914,DATASET/TRAIN/tree/00000097.jpg,15.717171385917792,351.6851589898464,352.7197793966621,19.42756147872952,22.235425942244316,175.04411825467122,147.45434120912995,177.85238909073516,tree
915,DATASET/TRAIN/tree/File12.jpg,231.67280307781053,218.06243122981698,195.80216623672246,203.6953464440068,225.54439107850112,346.17075276202786,206.6330890669627,268.75056349077806,tree
916,DATASET/TRAIN/tree/File42.jpg,39.088777205167865,315.9128487093949,345.0109363931037,20.890647743582935,25.146807412254045,180.9200238162769,125.15024864949314,181.5042067907604,tree
917,DATASET/TRAIN/tree/00000150.jpg,221.38301024635177,18.905249620212526,243.05049184295618,69.39797356248994,104.01056422763803,257.49112559922594,141.35271092345923,221.12176708168232,tree
918,DATASET/TRAIN/tree/File14.jpg,149.74109676149527,179.76067542278764,138.67348412503716,358.13803979318783,103.6050223996664,297.5723219358998,137.5539950347173,268.86481011721435,tree
919,DATASET/TRAIN/tree/00000110.jpg,355.8315973528075,339.9572880240028,345.41222936159375,8.639923408112834,105.18981296782314,229.0370548664429,130.46375090459804,225.08474500385725,tree
920,DATASET/TRAIN/tree/00000186.jpg,202.68334854624942,332.81253951297975,206.07875927203676,338.8915749100341,231.15286153332042,202.58872789113042,255.10345905141227,237.534210104311,tree
921,DATASET/TRAIN/tree/File40.jpg,49.72968627055184,315.5406042749319,335.7305972482282,31.889311402009415,35.99033439127088,167.3285440278461,104.08784887208043,182.34903924123122,tree
922,DATASET/TRAIN/tree/00000197.jpg,171.92722500104844,150.34786302262933,216.93891030288944,117.0295872587189,23.87569125750317,18.98750453645135,99.72438484391796,21.104231261457443,tree
923,DATASET/TRAIN/tree/00000185.jpg,6.202976598142068,182.57888368037177,13.201138404652394,0.4072345055311944,353.7300497055901,20.62717081719701,65.72166788666495,205.04159782488972,tree
924,DATASET/TRAIN/tree/00000172.jpg,152.02653723536923,262.36658820072245,355.9358824465363,7.260242122858717,196.62954098754489,179.88673644754996,6.934706254058685,5.017300803488381,tree
925,DATASET/TRAIN/tree/00000111.jpg,182.06854638035682,57.47854172158088,185.93791682432703,66.57806045041248,162.52961422689748,180.16886490352826,170.09884506065563,178.8414147849855,tree
926,DATASET/TRAIN/tree/File15.jpg,247.23198405157532,304.7022877899306,221.08890207655253,318.39823756486317,3.3881768533914807,269.4205316563006,107.84409289527619,252.66966711760432,tree
927,DATASET/TRAIN/tree/00000193.jpg,208.73429966368462,222.94709876240898,162.4941224480654,249.66481631572853,206.71250187366851,165.74136274182462,255.99570949609262,107.8098159956713,tree
928,DATASET/TRAIN/tree/00000101.jpg,37.737872759215215,315.00885289683646,342.8627396282737,32.54359120966046,25.841875469550185,179.6276278015534,116.63923926103749,187.87370772051506,tree
929,DATASET/TRAIN/tree/00000123.jpg,208.24313181262664,169.1898018706347,184.48620644932097,205.70416559159452,23.459013745252467,186.37198172000652,111.315514518506,184.7530406600505,tree
930,DATASET/TRAIN/tree/00000195.jpg,44.59847637732753,314.5002007317881,326.3875099231463,28.454218681327074,104.07231118884435,188.41321069439132,134.22331407006303,180.08139861380144,tree
931,DATASET/TRAIN/tree/00000085.jpg,176.50282585703764,169.81111081204284,184.97185424667398,174.96130954955575,40.680516094205565,175.15046203575406,123.8026777013977,175.94493361765802,tree
932,DATASET/TRAIN/tree/00000080.jpg,189.70838977977314,177.6454772802701,206.1108164109058,141.9950826467793,177.96906956686306,334.3189484988163,180.23803546635475,236.27335570977016,tree
933,DATASET/TRAIN/tree/File13.jpg,208.75791781027854,165.66427598822068,209.14995599527813,165.8021369954737,14.906005718120129,195.88071655468917,111.9742130360161,189.86212786473592,tree
934,DATASET/TRAIN/tree/00000109.jpg,259.4106704583097,87.75228394675605,198.29548107555306,143.55199090750517,138.98370224343952,304.75147808857747,159.26753041339487,241.92299768946998,tree
935,DATASET/TRAIN/tree/00000095.jpg,182.91389004734575,167.89264371922306,216.41977813877915,115.65802282437677,180.62241778788618,333.66594421867273,171.59972450608885,239.43858961997284,tree
936,DATASET/TRAIN/tree/00000128.jpg,202.52811566553515,170.02358554493244,222.08131689832052,148.77719885343,121.66485309844195,197.0569954961557,151.33823005420595,186.78970697164274,tree
937,DATASET/TRAIN/tree/00000102.jpg,206.16154495515985,160.76527022143281,202.4931749551053,155.15796758564483,190.3605361637456,339.0227060960946,189.621084506652,253.6716982613292,tree
938,DATASET/TRAIN/tree/00000170.jpg,195.71056268394344,176.08875291603266,182.239912729841,204.5830661137289,18.73131815082042,182.1659706321801,110.74062498375625,179.46982762102806,tree
939,DATASET/TRAIN/tree/00000121.jpg,144.16396144161376,337.03663139995035,355.71585523717675,3.7184302360514287,168.82107362390246,179.5338069776609,172.92923035411548,182.676902891932,tree
940,DATASET/TRAIN/tree/00000181.jpg,150.0075266931028,106.26562036383044,343.6591918969645,303.9945876779259,271.2390734784497,87.58909433632044,60.5043402704331,308.978438410512,tree
941,DATASET/TRAIN/tree/File71.jpg,153.46196989492537,194.57351842685128,338.15783289773117,66.62802324115098,221.72034857565293,156.00180164099697,348.0601392159367,8.517175708869361,tree
942,DATASET/TRAIN/tree/00000166.jpg,241.98163548468312,119.48883994593712,195.6434352144123,167.43041617575437,53.20099302168924,182.20882181151998,117.23893397574687,176.8085085100946,tree
943,DATASET/TRAIN/tree/00000135.jpg,136.05978998872473,139.60789850416987,53.224765375356476,44.011413526567985,196.32441509920844,210.46544191905963,192.6660023344346,204.93183744155434,tree
944,DATASET/TRAIN/tree/00000199.jpg,289.1467534183645,48.50721413151245,28.390989029251163,302.19152779705615,325.368014594463,185.04511783074446,254.49471247935602,183.82296124580856,tree
945,DATASET/TRAIN/tree/00000116.jpg,220.85553621607417,147.2282487172631,184.82597870774407,181.92463753412704,182.98575239495545,337.2628394594502,187.5637686026757,247.55970854032,tree
946,DATASET/TRAIN/tree/00000149.jpg,37.98142827913548,323.3720738002683,307.5025998954371,52.39651716591793,48.620949097876775,196.81792055486835,142.8050757564487,190.22443404583953,tree
947,DATASET/TRAIN/tree/00000129.jpg,43.15696782912706,314.3077658609133,347.096171739883,33.51988161199019,19.88213585517149,171.30411939345754,112.2108273638564,183.39865367049623,tree
948,DATASET/TRAIN/tree/00000100.jpg,206.23431955414895,176.39217872380226,227.28439573898254,164.14453890220187,133.00577436549773,207.097347763396,167.3790952233449,202.99112773281965,tree
949,DATASET/TRAIN/tree/00000117.jpg,200.8582800078805,162.7701640437803,247.31248735673017,109.76585217171178,191.4647940704892,324.39582141114334,191.35228929963836,248.44469993120805,tree
950,DATASET/TRAIN/tree/00000159.jpg,180.34706413653615,148.1817644035122,337.56371605702884,334.61495346628413,213.0852372216038,4.799988591718177,6.750876511928166,13.648515933476332,tree
951,DATASET/TRAIN/tree/00000082.jpg,329.0844767223831,124.93543489895842,276.40602020148424,145.83578313887656,79.59065860710845,273.927791492834,137.08613365164308,248.6591086299467,tree
952,DATASET/TRAIN/tree/00000142.jpg,45.672915209509675,315.624646734589,315.10153939965573,56.55247262075352,20.763900123261454,169.5287967066835,104.15363156128157,182.3369791678034,tree
953,DATASET/TRAIN/tree/00000145.png,208.997246896759,151.00911487802514,175.3757053264854,185.2904654105602,205.25995088421885,333.6248796133574,240.66277394734382,277.5162589637837,tree
954,DATASET/TRAIN/tree/00000071.jpg,41.27973690353109,323.25628031362254,331.2471693639676,51.32270973491114,23.542973108283945,191.02585372325694,109.22301709540903,190.10191465520825,tree
955,DATASET/TRAIN/tree/00000120.jpg,203.12920190896637,162.70760972317544,177.8763926699264,201.66775918660827,21.34086875980522,183.84315760173155,112.08321640731515,179.50246741065706,tree
956,DATASET/TRAIN/tree/00000203.png,25.946057385189874,23.428985070516003,12.185354902544391,24.62238713260233,312.48127757996167,350.45639575105105,327.225024146073,192.75918473099904,tree
957,DATASET/TRAIN/tree/File25.jpg,54.6804869822838,185.94032843849826,27.4327541959814,359.8960395040976,268.94060394090707,13.001276161750022,59.80034326314927,21.942152474223025,tree
958,DATASET/TRAIN/tree/00000148.jpg,2.35639805552793,5.892023312341194,5.273994340037001,4.28887794724679,339.75859047805034,328.90965609632997,5.6329301629282025,334.3391481247468,tree
959,DATASET/TRAIN/tree/00000074.jpg,144.40100217784143,289.00856792636597,15.159964464373397,3.044462794040258,17.410542507238702,27.116155809882645,35.9466401822309,24.139785359223808,tree
960,DATASET/TRAIN/tree/00000081.jpg,202.57271386679213,139.90030189742046,167.00540233515085,174.03152494362328,185.3562457713119,337.6953104412488,181.89630930590022,249.59856754775677,tree
961,DATASET/TRAIN/tree/00000140.png,91.37273052526959,187.98212770088028,335.9512684307973,189.55522746359492,113.06884530905154,161.86602377715087,136.95529011302534,166.96066254998627,tree
962,DATASET/TRAIN/tree/00000184.jpg,237.23246806057068,214.97183636843545,333.17031711670467,334.8597753428525,336.5839663289847,69.6804342288067,349.48962378741425,76.22807475159959,tree
963,DATASET/TRAIN/tree/00000094.jpg,234.30578492766435,129.05232999686896,336.69702510268377,175.1083882937809,27.78659177936151,188.27829398880095,85.48168100409947,160.27469719355128,tree
964,DATASET/TRAIN/tree/00000164.jpg,193.80028293975678,168.0707938439421,213.448021331019,144.79139239383156,234.75222097689868,239.9487362433892,192.26307813765482,208.7910553302928,tree
965,DATASET/TRAIN/tree/File17.jpg,195.65075094736767,160.4011799259186,151.94053708604875,185.46537592193468,190.43401195183714,344.61316634749613,183.89098842234637,258.4548823522914,tree
966,DATASET/TRAIN/tree/00000162.jpg,20.99586140694434,344.3138662246229,256.38154265477044,35.59513771445922,20.3623515724083,187.3222931202489,138.424325050025,165.33745252361484,tree
967,DATASET/TRAIN/tree/00000122.jpg,163.74345547124943,170.9253062800094,323.06105896413646,35.812678129898615,199.733048725745,78.11958355645363,313.85893044196325,260.67052703379017,tree
968,DATASET/TRAIN/tree/00000098.jpg,136.00440399248464,263.33187457741064,321.85227443967915,184.90891893555434,2.434627602886651,9.644807271645055,50.17837346328173,297.1562795506119,tree
